TRIG,UNIT,DATE_DEBUT_DELTA,DATE_FIN_DELTA,VALEUR,MATERIAU,TENEUR,AP_mean,indicateur_1,indicateur_2,CHIMIE1,pc0min,pmd,CHIMIE2,indicateur_3,CHIMIE3,sortie_1,chimie3_first_range,chimie3_sr,indicateur_4,TARGET,info,indicateur_5,indicateur_6,sortie_2,sortie_3,CHIMIE4,indicateur_7,indicateur_8,indicateur_9,indicateur_10,indicateur_11,indicateur_12,indicateur_13,indicateur_14,indicateur_15,indicateur_16,indicateur_17,indicateur_18,indicateur_19,indicateur_20,indicateur_21,indicateur_22,indicateur_23,indicateur_24,indicateur_25,indicateur_26,indicateur_27,indicateur_28,indicateur_29,indicateur_30,indicateur_31,indicateur_32,indicateur_33,indicateur_34,indicateur_35,indicateur_36,indicateur_37,indicateur_38,indicateur_39,indicateur_40,indicateur_41
TOTO,1,19/12/2008 00:00,27/03/2010 00:00,10.49999982118607,A,0.4440632861322734,0.3785662921348315,10.062202707647272,0.0,0.1261261261261261,0.0,0.1772573194144469,1.187219730941704,0.7682721139430285,0.2746781115879828,0.1043853073463268,0.0,0.2242316341829085,0.0182319897506652,4.116355816697705,1,0.0003795786676788,0.0413740747769975,0.0229572713643178,0.158452023988006,0.0,0.0231446776611694,0.0,0.2119565217391305,0.7648988005997002,0.0,0.9849137931034484,0.0150862068965517,0.0230509745127436,0.4206334332833584,0.556315592203898,0.0231446776611694,0.0,0.0,0.0134932533733133,0.0105884557721139,0.3143740629685157,0.6615442278860569,0.0,0.0,0.0,0.0,0.985850824587706,0.0141491754122938,0.8826836581709145,0.0,0.0171192443919716,0.1094057457693821,0.0,0.0232383808095952,0.0,0.0,0.1212180940179363,0.8538484281068296,0.0,0.0
TOTO,1,11/08/2010 00:00,24/09/2011 00:00,15.0,B,0.4440632861322734,0.3680228070175439,10.111223458038422,0.0,0.0339425587467363,0.0,0.3996009915783754,1.049751243781094,0.4858270169245146,0.1031941031941032,0.0953172048593084,0.0,0.3325719032291559,0.0306359602788928,0.0,1,0.0,0.0433742458914083,0.0391444294465787,0.3106634825044128,0.0,0.0436091786938012,0.0,0.3506385629737306,0.605752258332468,0.0,0.9692659121586544,0.0307340878413456,0.0441283355830131,0.4763783615408577,0.4794933028761292,0.0442321669608555,0.0,0.0,0.0126674280967708,0.0319800643754542,0.3778423839684353,0.5775101235593396,0.0,0.0,0.0,0.0,0.981621846121898,0.0183781538781019,0.9657356453120132,0.0,0.0225039619651347,0.0758584257791864,0.0,0.0395597549579482,0.0,0.0,0.2422353686879357,0.7201563490386647,0.0,0.0
TOTO,1,23/12/2011 00:00,19/07/2014 00:00,15.0,A,0.4440632861322734,0.2943383867276888,32.33213064055105,0.036354961832061,0.1165714285714286,0.0011426669625027,0.3072398491235855,1.442306818181818,0.509780534351145,0.08646188850967,0.0346851145038168,0.0,0.015520534861509,0.036833855799373,1.464317510894522,1,0.0,0.0269544364508393,0.0491412213740458,0.4393129770992367,0.0,0.0483301526717557,0.0,0.4665553435114504,,0.0432729007633587,0.9055343511450382,0.051192748091603,0.0587309160305343,0.6372137404580153,0.3040553435114504,,0.0,0.0,0.0397900763358778,0.0615935114503816,0.4708492366412214,0.4277671755725191,0.0,0.0,0.0095419847328244,0.0135973282442748,0.9141698473282442,0.0263358778625954,0.8623371665791859,4.894762604013705e-05,0.0364170337738619,0.1680861478218307,0.0,0.0468511450381679,0.0,0.0,0.3702488244514107,0.5821904388714734,0.0,0.0
TOTO,1,08/10/2014 00:00,27/05/2017 00:00,18.125,A,0.4440632861322734,0.2972397762345679,41.79529802897174,0.0541573903784725,0.1747685185185185,7.218757218757218e-07,0.4982523388773389,1.703196347031964,0.3277340245239757,0.16,0.0294402011021947,0.0,0.075170729275709,,9.261458085965328,1,0.0063480955713286,0.0213935819254223,0.0684037513294015,0.2541332302040027,0.0,0.0625060427342163,0.0,0.2692158948080828,0.6682780624577008,0.0621573123317715,0.8877479812580998,0.0500947064101286,0.0639562989461471,0.3404718166876148,0.5955718843662379,,0.0,0.0,0.0479551387411776,0.065648264526733,0.1907086918688969,0.6956879048631925,0.0,0.0,0.0118091181879779,0.1918013745039203,0.7306649888684542,0.0114703320104539,0.7381320699990331,0.0,0.041235618292565,0.1235134873827709,0.0,0.0634728802088368,0.0,0.0,0.4442618195881272,0.4835637629314512,0.0,0.0
TOTO,1,25/10/2017 00:00,10/11/2018 00:00,37.625,A,0.4440632861322734,0.2311388140161725,14.202993554026005,0.000224315836698,0.2830188679245283,0.0,0.8493493712411153,1.235376344086022,0.06216457960644,0.0618279569892473,,0.0,0.2994969256567915,,4.50671910848902,1,0.003140069530111,0.0169339463945273,0.052872792309412,0.0296221775095014,0.0,0.0533199195171026,0.0,0.0368879946344735,0.909792085848424,0.0,0.9484685893136596,0.0515314106863402,0.0532140860816098,0.2128563443264393,0.7339295695919508,,0.0,0.0,0.0358819584171696,0.0185557791191594,0.0210149787614576,0.9245472837022132,0.0,0.0,0.0,0.9082548227904892,0.0773889636608344,0.0141318977119784,0.9278926774734488,0.0,0.0471771939631078,0.0491894913359418,0.0,0.0550027948574622,0.0,0.0,0.5284516489659027,0.4173281162660704,0.0,0.0
TOTO,2,17/01/2008 00:00,23/05/2009 00:00,29.375,B,0.4582845558589381,0.2763860294117647,76.11637347767252,0.0900329918388609,0.0273109243697479,0.0026749668275881,0.2005731063493408,1.137763713080169,0.5888647237929534,0.1331967213114754,,0.0,0.1517181383210091,0.0271422357546759,2.1143437077131257,0,0.0035253734112626,0.0042675572873179,0.0644209064073624,0.4352318110783122,0.0,0.0650286508074318,0.0,0.4931411703420733,0.4418301788504949,0.0959714608892369,0.8508657443661359,0.0531627947446271,,0.476732071540198,0.4534641430803959,,0.0,0.0,0.0906407362389303,0.0667650633790588,0.3722868553568328,0.470307345025178,0.0,0.0,0.0182323320020836,0.718961625282167,0.1451640909880187,0.0276089598888696,0.6210279562424031,0.0013919095258808,0.0489778164419312,0.0833405828621139,0.0,0.0586341887777294,0.0,0.0,0.1371030882992605,0.8088734232274902,0.0,0.0
TOTO,2,30/12/2010 00:00,03/08/2013 00:00,10.0,B,0.4582845558589381,0.3273527904328019,48.66743916570104,0.0214025285288129,0.0421412300683371,0.0013977501063346,0.3185938897933442,1.210592255125285,0.4989346086462427,0.1742081447963801,,9.47014536673138e-05,0.0656281073914484,0.0294619173929518,2.8968713789107756,1,9.49622525046294e-05,0.0339015241441527,0.0487712486386666,0.3462758653345329,0.0,0.0515175907950187,0.0,0.4292816894739334,0.5192007197310479,0.0322458449737203,0.9311993939106964,0.0365547611155831,,0.5547611155831242,0.3919693167290118,,0.0,0.0,0.0307306217150433,0.1145887589374497,0.7266916047161324,0.1279890146313746,0.0,0.0,0.0118376817084142,0.8716321795539561,0.080306832709882,0.0148207774989346,0.5329324305128084,0.0,0.0355603958520763,0.059614565083574,0.0,0.0391590510914342,0.0,0.0,0.1539882531261841,0.8021978021978022,0.0,0.0
TOTO,2,08/11/2013 00:00,16/07/2016 00:00,16.25,C,0.4582845558589381,0.263665012862918,70.30346177805464,,0.2601984564498346,0.016204391963641,0.5270080278639085,1.493674367436744,0.3367637599926491,0.0954994511525796,0.0115776899751906,0.0001378296425617,0.0600018377285674,0.031024531024531,5.673222390317701,1,0.0022610862442896,0.0149047113654192,0.0708444362767619,0.2614168887255353,0.0,0.0711660387760727,0.023798584949003,0.2825507672516769,0.6224846090232473,0.0609207020123127,0.8818340531103556,0.0572452448773316,,0.3288155839382523,0.5993751722870532,,0.0,0.0,0.068507627274398,0.1135361146848006,0.7840011027384672,,0.0,0.0,0.0198730333977366,0.8384856012512649,0.0610451743490661,0.0328917103689391,0.3390719941078991,0.0,0.0576784426820475,0.0506608988223984,0.0,0.0633556923642378,0.0,0.0,0.0626262626262626,0.8746031746031746,0.0,0.0
TOTO,2,11/10/2016 00:00,25/05/2019 00:00,29.0,B,0.4582845558589381,0.3135868248772504,12.460721638314013,5.566688933422401e-05,0.2097560975609756,0.000157630172013,0.5136106752673175,2.023517017828201,,0.1446945337620579,0.0079977783948903,0.0003345787096414,0.1135894719232699,0.0241232968505695,7.72022971069455,1,0.00067035361153,0.0349142506005251,0.0355338404308478,0.073954805396702,0.0001672893548207,,0.0,,0.8619732385764255,0.0,0.9729054466714784,0.0270945533285214,,0.1466096518020769,0.8176264785916588,0.0366761856766896,0.0,5.55216256731997e-05,0.0243184720448614,0.0223196935206262,0.7421020487479874,,0.0,0.0,5.566688933422401e-05,0.9564128256513026,0.0327321309285237,0.0106323758628367,0.1298044878915796,0.0,0.0271505825946367,0.0248090539109104,0.0,0.0344865885488976,0.0,0.0,0.0206053160598615,0.9440473531382624,0.0,0.0
LOLA,1,06/10/2010 00:00,18/02/2012 00:00,10.0,C,0.3524820775511683,0.3207637474541752,55.17010783248349,0.0824119748256506,0.0576131687242798,0.0034302696997472,0.2439782795878121,1.235670731707317,,0.0670731707317073,0.0249192039462493,0.0,0.6465883954398502,0.0351832641770401,5.2244420295912395,1,0.0,0.0516106981115953,0.056387140670182,0.3839938765096105,0.0,,0.0,,0.3575437999659806,0.0916822588875659,,0.0487327776832794,0.0695696547031808,0.5241537676475589,0.4062765776492601,0.0745875148834835,0.0,0.000340193910529,0.0745875148834835,0.0650620853886715,0.3031978227589726,0.5568123830583432,0.0,0.0,0.0188807620343595,0.8452117707093043,0.0486477292056472,0.0048477632250382,0.8393434257526791,0.0,0.0475244102652726,0.2192171433509029,0.0,0.0716108181663548,0.0,0.0,0.3565871369294606,0.5860131396957123,0.0,0.0
LOLA,1,17/06/2012 00:00,14/02/2015 00:00,16.25,D,0.3524820775511683,0.2739437577255872,51.98440467859642,0.0001027326895418,0.3241279069767442,0.0105462443025133,0.5263770414505551,2.233843329253366,,0.1101591187270502,0.0238339839737004,0.0,0.4269570577357715,0.040793883535819,4.018712741838413,1,0.0014432989690721,0.0141237113402061,0.0699609615779741,0.1215327717279639,0.0,,0.0,,0.7291452640230122,0.0033901787548798,,0.064002465584549,0.0707850707850707,0.2618790218790219,0.6673359073359073,0.0721183480583521,0.0,5.13663447709061e-05,0.0441750565029792,0.0307170741730018,0.1313951099239778,0.7936613930552702,0.0,0.0,0.0107869324018902,0.9022498459009656,0.0664680501335525,0.0203924388740497,0.9248510376001644,0.0,0.0566368036247554,0.0506127072392132,0.0,0.0725806451612903,0.0,0.0,0.157624633431085,0.7800062840385421,0.0,0.0
LOLA,1,14/06/2015 00:00,28/05/2016 00:00,24.28983671132193,D,0.3524820775511683,0.2723318713450293,10.819908631882663,0.0,0.5392156862745098,0.0002527061445399,0.8031458930276982,1.840579710144927,,0.1345029239766082,0.0417225814322313,0.0,0.6202099096900171,0.0605002095850216,10.62173994791785,1,0.000122384041121,0.0168889976747032,0.0389166768329876,0.0348908137123337,0.0,,0.0,0.1411492009271685,0.8193241429791387,0.0,,0.040502622910821,0.0392826643894107,0.1994632182505795,0.7612541173600098,0.0392826643894107,0.0,0.0018308311973636,0.0114732088368119,0.0280727450262419,0.0461369461735628,0.9124862687660198,0.0,0.0,0.0,0.956139279169212,0.0422724496029321,0.0012217470983506,0.9438819080151276,0.0,0.0432645034414945,0.0577679449360865,0.0,0.0516042454556545,0.0,0.0,0.0380047505938242,0.8992594662568115,0.0,0.0
LOLA,1,25/10/2016 00:00,17/02/2018 00:00,33.125,D,0.3524820775511683,0.3145061728395062,25.73389248951582,0.0,,0.0061973786997656,0.6041735381766629,1.525626535626535,,0.4117647058823529,0.0263726761781236,0.0,0.683400551899809,0.0169108014767178,7.624857033930613,1,0.0,0.0106951871657754,0.0367986267567857,0.0841111468726531,0.0,0.0369605616353499,0.0,0.2285773281024158,0.7344621102622342,0.0,0.9633491637414826,0.0366508362585174,0.0395798783858485,0.2139303482587065,0.746489773355445,0.0377864959735701,0.0,0.0,0.0245092602861262,0.0150826217145392,0.116335810136409,0.8440723078629255,0.0,0.0,0.0,0.9691323380850824,0.0250308676619149,0.0058367942530025,0.9666237389997854,0.0,0.0307171362921756,0.0494618454468496,0.0,0.0458386142796789,0.0,0.0,0.0764558770989639,0.8954388472073359,0.0,0.0
LOLA,1,21/04/2018 00:00,11/05/2019 00:00,41.125,D,0.3524820775511683,0.3122568728522337,3.37154416722859,0.0,,0.0,0.3638672438672439,1.795952380952381,0.0226187131216633,0.3208191126279863,0.0193420866864323,0.0,0.5691860465116279,0.0758539109862487,3.6525061811643074,1,0.0,0.0227046970341989,0.0752249718785151,0.0075928008998875,0.0,0.0754425400393369,0.0,0.030907558302894,0.893649901657769,0.0,0.92469794886204,0.0753020511379601,0.0759280089988751,0.155511811023622,0.7685601799775028,0.0750210733352065,0.0,0.0,0.0070303712035995,0.0680539932508436,0.0032339707536557,0.9216816647919012,0.0,0.0,0.0,0.9273059617547806,0.0712879640044994,0.0014060742407199,0.9324920176372208,0.0,0.088662220478619,0.0178501373087485,0.0,0.0755061867266591,0.0,0.0,0.0034008576075706,0.91867514416679,0.0,0.0
LOLA,2,25/08/2008 00:00,31/10/2009 00:00,16.25,D,0.4548663236444941,0.2963981606860754,19.214141608223652,0.64298551643937,,0.0019882984537242,0.3173240749670492,2.128470588235294,0.4648483654982277,0.0023696682464454,0.0861729367736852,0.0,0.2272231585208684,0.02087847153831,0.0,0,0.001911276531536,0.0939543305502464,0.0369312586172936,0.2913137679732125,0.0,0.0297331889337402,0.0,0.292999901545732,0.6772669095205277,0.0782865583456425,0.9006400787789266,0.0210733628754308,0.0352605141337535,,0.5152171771890082,0.0374163056321386,0.0,0.0,0.0383100256056726,0.0684459326373842,0.1927319283041166,0.7005121134528265,0.0,0.0,0.3457025055502696,0.0082461148112908,0.0030658631990696,0.0,0.1359952559794425,0.0,0.0197951546188694,0.140338782745716,0.0,0.0276765488033093,0.0,0.0,0.1627929879850305,0.8106165058105179,0.0,0.0
LOLA,2,28/01/2013 00:00,12/04/2014 00:00,18.125,B,0.4548663236444941,0.3056870993589744,8.779631255487269,0.0131131131131131,,0.0,0.5317623793703528,1.519975961538461,0.3948424643788882,0.1366906474820144,0.0397397397397397,0.0,0.2674942436680348,0.0147751878741561,2.445675534597668,1,0.00010042177144,0.0578429403494677,0.0187187187187187,0.1011011011011011,0.0,0.0188188188188188,0.0,0.1837837837837838,0.7973973973973973,0.0133133133133133,0.972972972972973,0.0137137137137137,0.0186186186186186,,0.6890890890890891,0.018864138069436,0.0,0.0,0.0104104104104104,0.0114114114114114,0.0666666666666666,0.9115115115115116,0.0,0.0,0.1582582582582583,0.8158158158158159,0.0106106106106106,0.0022022022022022,0.706006006006006,0.0002540973192732,0.0133401092618472,0.0229958073942319,0.0,0.0182200420462508,0.0,0.0001273723092599,0.0249649726149535,0.9559291809960516,0.0,0.0
LOLA,2,27/06/2014 00:00,18/02/2017 00:00,23.125,B,0.4548663236444941,0.2675029535864979,76.21951219512195,0.046584179357022,,0.0257988998520688,0.013583810877964,2.113321167883212,0.9080526315789472,0.220959595959596,0.0195799778935733,5.300540655146825e-05,0.4412170041344217,0.0278142076502732,2.445675534597668,1,0.0380420324554402,0.0318701782388933,0.0697931470077372,0.3479656824043371,0.0,0.0690036317700931,0.0,0.383493868098321,0.5475025001315859,0.0508974156534554,0.889678404126533,0.0594241802200115,0.0696878783093847,,0.4565503447549871,0.0717368421052631,0.0,0.0,0.069072708113804,0.0471548998946259,0.2568493150684932,0.6269230769230769,0.0,0.0,0.6152707275803723,0.284263959390863,0.052400592216582,0.0013219120135363,0.6183378976195492,0.0,0.061629241108015,0.1885483254111348,0.0,0.0706879309437338,0.0,0.0,0.2565027322404372,0.6749726775956284,0.0,0.0
LOLA,2,17/05/2017 00:00,26/05/2018 00:00,23.73750114440918,B,0.4548663236444941,0.2549957627118644,34.30111478623055,0.0,,0.0084614527629233,0.0906194295900178,2.67445945945946,0.8389014722536806,0.3569023569023569,0.043416772733701,0.0084853627492575,0.046810917833404,0.0140396584165581,2.445675534597668,2,0.0011363636363636,0.0082386363636363,0.0257389336727478,0.2595106774147928,0.0,0.026330690826727,0.0,0.2944507361268403,0.6792185730464326,0.0,0.9760758776896942,0.0239241223103057,0.0265874699476736,0.3545467402064771,0.6188657898458493,0.0268969422423556,0.0,0.0,0.0164352507792575,0.0104845565315953,0.2064324171153301,0.7666477755738169,0.0,0.0,0.6184837545126354,0.3591335740072202,0.0212274368231046,0.0001444043321299,0.9626644039032668,0.0,0.0251808972503618,0.2030390738060781,0.0,0.0277227722772277,0.0,0.0,0.2257924446374295,0.7474308872485165,0.0,0.0
LOLA,3,22/04/2011 00:00,01/10/2013 00:00,13.125,B,0.5184446837616147,0.2540675844806007,29.202315692402276,0.019440690300447,0.5433962264150943,0.0013842229687694,0.6620419621749409,1.550099626400996,0.2028586278586278,0.3795255930087391,0.0297585042846014,0.0002598752598752,0.5286902286902286,0.0273189659692727,2.445675534597668,1,0.0297221061429168,0.0134245716673631,0.0441756644518272,0.1722383720930233,0.0009355509355509,0.0442794850498338,0.0,0.1802844684385382,0.7754360465116279,0.0311461794019933,0.9302844684385382,0.0385693521594684,0.0461178914567644,0.2974811737211114,0.6564009348221241,0.0446465696465696,0.0,0.0,0.0232558139534883,0.0539867109634551,,0.7823401162790697,0.0,0.0,0.0114357001767335,0.0094084624181307,0.9402744568042416,0.019440690300447,0.92156353820598,0.0,0.031218898957624,0.0216332303179508,0.0,0.0402286902286902,0.0,0.0,0.0557915159142153,0.9073462324996068,0.0,0.0
LOLA,3,13/01/2014 00:00,24/09/2016 00:00,21.25,A,0.5184446837616147,0.3219421241050119,18.849728213221113,0.0167209233501035,0.222488038277512,0.0027440529069193,0.5610192196511414,1.512465721040189,,0.4177514792899408,0.0188837392762055,4.931939238508582e-05,0.5750147958177155,0.0284215128989943,4.657636331755217,1,4.953683063357606e-05,0.0419576955466389,0.0420076915491568,0.3791046247904546,0.0,0.0420569963514446,0.0,0.3249186470762252,,0.028744699733754,0.9382210827334584,0.0330342175327876,0.0407698777893226,0.473455049230617,,0.0415865028858961,0.0,0.0,0.0230253426683759,0.0499950695197712,,0.6898234888078099,0.0,0.0,0.0134655223438887,0.0393607576205978,0.912696063924238,0.0177567327611719,0.9195226589082302,0.0008191797280323,0.0282343946261809,0.01993337338212,4.930480228774282e-05,0.0386549649935903,0.0,0.0007651945780498,0.0406646261477918,0.9188893747267162,0.0,0.0
LOLA,3,19/12/2016 00:00,20/07/2019 00:00,31.875,A,0.5184446837616147,0.2649748727735369,7.180469123982767,,0.1098191214470284,0.0,0.4101461122648874,1.123960559796437,,0.4430379746835443,0.0212012266046314,0.0003173092178327,0.6404357713258236,0.0153624025411492,0.1196744853997128,1,0.0006392499467291,0.0126784572767952,0.051866342391879,0.1460293962144443,0.0,0.0492756688167495,0.0,0.1908110394416834,,0.105794649466004,0.8725811568150577,0.0216241937189383,0.0489392095656314,0.22459129146606,,0.049064185259596,0.0,0.0001588225951612,0.0699878236010376,0.0708348774418974,,0.0073587802424691,0.0,0.0,0.2984229466553768,0.5801227773073666,0.0138124470787468,0.0054508890770533,0.7145500687321561,0.0031768035580199,0.0181944203777508,0.0150176168197308,0.0,0.0457433290978399,0.0,0.0031186832226393,0.0221773029165463,0.951140629511984,0.0,0.0
LOLA,4,12/10/2011 00:00,20/02/2016 00:00,10.0,A,0.4172526396408762,0.2851205239599789,57.84830171605856,,0.5360824742268041,0.0049316478665584,0.459455887356382,1.526756692913386,0.3441883437602898,0.3369905956112852,0.0229271667160786,0.0,0.6963797476694008,0.0257635159621783,9.897230391364769,1,0.000596164673931,0.0225548968303911,0.0527720130447672,0.2807919096089864,0.0,0.0532661330170965,0.0,0.3209473926936127,,0.0124518233026979,0.9445597391046546,0.0429884375926475,0.0541555489672892,0.2833613334650987,0.6624831175676121,0.0534408956206783,0.0,9.882399446585631e-05,0.0308001449418585,0.0300754356491089,0.1566030898968936,0.782422505517673,0.0,0.0,0.9216984550515532,0.036202523305992,0.0252989425832592,0.0022729518727146,0.9208419804328491,6.588266297723754e-05,0.0424943176203182,0.0425272589518068,3.294133148861877e-05,0.0510261224758704,0.0,6.589134517181169e-05,0.1900965308206767,0.7586070569630678,0.0,0.0
LOLA,4,04/06/2016 00:00,05/08/2017 00:00,40.625,B,0.4172526396408762,0.2439393939393939,15.766653527788726,0.0814555633310007,0.2869955156950673,0.002561475409836,0.4708414650013011,0.8008187919463087,0.2649405178446466,0.5418060200668896,0.0776766969909027,0.0,0.467739678096571,0.0349895031490552,1.6013007489160431,1,0.0001406865503657,0.0098480585256049,0.050664800559832,0.2320503848845346,0.0,0.0509447165850245,0.0,0.2282715185444367,0.7207837648705389,0.0730580825752274,0.8855143456962911,0.0414275717284814,0.0505248425472358,0.2397480755773268,0.7097270818754373,0.0509447165850245,0.0,0.0,0.020293911826452,0.0916724982505248,0.0724982505248425,0.8155353393981806,0.0,0.0,0.8250524842547236,0.0710986703988803,0.0207137858642407,0.0016794961511546,0.8548432250839866,0.0002799160251924,0.0419874037788663,0.0919524142757172,0.0,0.0508047585724282,0.0,0.0001399580125962,0.1990202939118265,0.7500349895031491,0.0,0.0
LOLA,4,20/09/2017 00:00,19/01/2019 00:00,30.86249923706055,C,0.4172526396408762,0.2614758713136729,93.54365370506235,0.0001113709767234,0.080110497237569,0.0320960137162451,0.3924903557651093,1.223874331550802,0.315929793379249,0.3146666666666667,0.0628132308720347,0.0,0.8204413731609451,0.0298474217618888,0.3553748743025033,2,0.0141994633273703,0.0145348837209302,0.1112596057467424,0.2942421205033968,0.0,0.1120392025838067,0.0,0.3023722018042098,0.5855885956119835,0.0,0.8935293462523667,0.1064706537476334,0.110925492816572,0.3618443033745406,0.5272302038088874,0.1148633636969563,0.0,0.0,0.0825258937520882,0.0304042766455061,0.0459962133867914,0.8410736162156142,0.0,0.0,0.8583361176077514,0.0508965363626239,0.0850874262167279,0.0054571778594498,0.8772691836507406,0.0,0.1065820247243568,0.1013475888183539,0.0,0.1143779930949994,0.0,0.0,0.2700746185544047,0.6156587593273193,0.0,0.0
VET,1,16/07/2008 00:00,05/09/2009 00:00,10.0,B,0.7661043188068992,0.2466183574879227,13.818516812528788,0.0,0.3568075117370892,0.0,0.2617104033119658,1.182993119266055,0.2988769472285956,0.0,0.0804904698312492,0.0060379181258302,0.3394517570341746,0.0452710143154288,0.0,0,0.2748580403527848,0.0194514920865047,0.0656925492090327,0.2639777804612969,0.0,0.0682284748218814,0.0,0.320734210844101,0.6110373143340176,0.0,0.9446926699673952,0.0553073300326047,0.0623113150585678,0.214829126917039,0.7228595580243932,0.0673831662842651,0.0,0.0,0.0146117618645091,0.050960028982007,0.1904359376886849,0.7439922714647991,0.0,0.0,0.0,0.9385743174924166,0.0551061678463094,0.006319514661274,0.9511723471114334,0.0,0.0391341567812156,0.2294239941298765,0.0,0.0684699915469146,0.0,0.0,0.2265997797626331,0.7213997308209961,0.0,0.2093023255813954
VET,1,29/01/2010 00:00,21/07/2012 00:00,10.0,C,0.7661043188068992,0.2573978260869565,40.542569698183094,0.0,0.015,0.0002120304217561,0.4248697856648997,1.394592865928659,0.428919409173361,0.0098039215686274,0.0910363419565555,0.2226483544959834,0.0433272868618813,0.0298507462686567,2.502627759147104,0,0.1142575592552253,0.0433068824231108,0.0503239181135009,0.3393107022544701,0.1350608966053382,0.0517750712619849,0.0,0.4332728686188132,0.5149520601192019,0.0,0.9522155998963462,0.0477844001036538,0.0500647836227001,0.2900751490023322,0.6598600673749676,0.0515677636693443,0.0,0.0,0.0281420057009588,0.0224410469033428,0.1629955947136564,0.7864213526820419,0.0,0.0,0.0,0.9397253174397512,0.0465405545478103,0.0137341280124384,0.9496242549883388,5.20047844401685e-05,0.0459202246606687,0.3481720318269281,0.0,0.0541100860371099,0.0,0.0,0.3348588070102449,0.6165167195381975,0.0,0.08375
VET,1,11/11/2012 00:00,11/04/2015 00:00,15.0,D,0.7661043188068992,0.3170644337684312,63.93342804952304,0.0,0.0458598726114649,0.000424884516546,0.5432609689574169,0.8287166454891995,0.2831207325464458,0.0114213197969543,0.1613022763366861,0.0687556237760017,0.0,0.0542909052046596,4.289721304621804,0,0.0005315755900489,0.0460344460982351,0.0896628380881808,0.2274387339226168,0.5595193987191023,0.0910390091568305,0.0,0.2780924151802255,0.630868575662944,0.0,0.9256867622929128,0.0743132377070872,0.0892016295434104,0.2046981641183006,0.7061002063382891,0.0906685015614248,0.0,0.0,0.0291113110675911,0.0589107076695072,0.0937384216376435,0.8182395596252581,0.0,0.0,5.29829394934831e-05,0.8089435201865,0.1721945533538201,0.0188089435201865,0.9020645844362096,0.000106871860639,0.05188628834028,0.1722774393502191,0.0,0.0916741650346689,0.0,0.000106871860639,0.1544832745538099,0.7708667307897831,0.0,0.0422535211267605
VET,1,10/07/2015 00:00,07/04/2018 00:00,23.45418274714865,B,0.7661043188068992,0.3113355683269476,16.20335206845916,5.346164127238706e-05,0.2020725388601036,0.0,0.5917747837658017,0.627954,0.1719199233308487,0.0051085568326947,0.0349743699273814,0.1454584176339048,0.0002129698647641,0.0455109863413054,2.048618792268647,0,0.0017642341619887,0.0363539160652232,0.0625066553082738,0.1304440421680332,0.460760302417208,0.06437014162496,0.0,0.1679799808327122,0.7676498775423277,0.0,0.9487807475242254,0.0512192524757746,0.0637190444882752,0.1077142230988385,0.8285667324128863,0.062772867639229,0.0,0.0,0.0218849840255591,0.0387646432374866,0.0766773162939297,0.8626730564430245,0.0,0.0,0.0065757818765036,0.5890938251804331,0.3955092221331195,0.0087677091686714,0.930241226902391,0.0,0.0493387314439946,0.0192712550607287,0.0,0.0558840765009855,0.0,0.0,0.0463207903687307,0.8992063920531231,0.0,0.0833333333333333
VET,2,15/12/2008 00:00,17/04/2010 00:00,11.14999979734421,C,0.9289047452362412,0.1822030542986425,103.93609854681937,0.0554489639293937,0.1739130434782608,0.0004383343295477,0.2957063159992031,1.160612244897959,0.5111214953271028,0.0022371364653243,0.2669577874818049,0.0177570093457943,0.4310280373831776,0.0825206301575393,1.90068347864093,0,0.5824737389987698,0.0166556260054887,0.1189719626168225,0.4691588785046729,0.0,0.1194392523364486,0.0,0.4664485981308411,0.4141121495327103,0.0717757009345794,0.8033644859813084,0.1248598130841121,0.1164485981308411,0.3530841121495327,0.5304672897196262,0.1202803738317757,0.0,0.0,0.074018691588785,,0.2224299065420561,0.5857943925233645,0.0,0.0,0.0279163468917881,0.4098234842670759,0.4659439754412894,0.0408672294704528,0.7947806566270695,0.0,0.103066679170965,0.1842820969708337,0.0,0.1226168224299066,0.0,0.0,0.3184546136534134,0.5658289572393098,0.0,0.0680272108843537
VET,2,21/07/2010 00:00,16/02/2013 00:00,13.125,D,0.9289047452362412,0.3112602758321116,74.58537941258223,0.0419760137064534,0.0196078431372549,0.0002486901335694,0.3753486827540403,0.9870592930444696,0.4649969107932133,0.024,0.1307447364668979,0.1870158262439998,0.0274701772729433,0.0530998715325688,2.110218572181478,0,0.0736721873215305,0.051304016752332,0.0924122202689219,0.4081341758920512,0.3227983460862126,0.0906024325351577,0.0,0.4404694032687192,0.4689281641961232,0.0451024190865453,0.873057364193717,0.0818402167197376,0.0814124803954184,0.3272182881041776,0.591369231500404,0.0935316762511287,0.0,0.0,0.0690556532484197,,0.2949479587472078,0.5742597785276365,0.0,0.0,0.0107557586141252,0.7612792689891491,0.1541500095183705,0.0317913573196268,0.8604153794971722,0.0,0.0716464867956907,0.212985031938221,0.0,0.0968309022663562,0.0,0.0,0.3505257648570205,0.5633058952276728,0.0,0.0585533869115958
VET,2,01/06/2013 00:00,22/08/2015 00:00,17.68011780991094,A,0.9289047452362412,0.2841449275362319,17.18305321376792,5.499340079190498e-05,0.0304232804232804,0.0,0.7170771756978653,0.7471660501981505,0.1545668730480521,0.0052770448548812,0.0870637225357514,0.4012930798312421,5.479151827297134e-05,0.0238255033557047,1.9169211137244588,0,0.0003297246798922,0.0193988020003297,0.0444907128376527,0.1076653334063887,0.093693496246781,0.0450386280203824,0.0,0.1306777710810366,0.8242836008985809,0.0,0.953975124650704,0.0460248753492959,0.04388800613665,0.0512300695852282,0.9048819242781218,0.0448194619472905,0.0,0.0,0.0155059996712508,0.0302997096049531,0.0576954687414388,0.8964988219823571,0.0,0.0,0.0,0.9515508139023318,0.0436097668279806,0.0047844258688957,0.949361538883104,5.60695262125035e-05,0.0238295486403139,0.0338099243061396,0.0,0.0465881063305015,0.0,5.592841163310962e-05,0.0392617449664429,0.9302013422818792,5.592841163310962e-05,0.0225165562913907
LINK,1,12/06/2008 00:00,03/09/2010 00:00,10.0,A,0.7238962067641892,0.2144755913978495,25.006650704974728,0.0372520561199806,0.3645970937912814,0.0007858411917452,0.2921954011206779,1.971822997416021,0.5301295489974736,0.1780645161290323,0.0819266745511235,0.0260822801828448,0.2225329389620866,0.0138261243813212,0.0,0,0.0687175860443187,0.0086633663366336,0.0265548567435359,0.4234263290867065,0.0004302231782737,0.0271461592216309,0.0,0.5206149545772187,0.4522388862011503,0.0389184540127936,0.9063054346073214,0.0547761113798849,0.0257887369441154,0.448207171314741,0.5260040917411435,0.0270386496801591,0.0,0.0,0.0274686878460463,0.0661183680051604,0.5250766005482986,0.3813363436004946,0.0,0.0,0.0113960113960113,0.922646884911036,0.0237058538945331,0.0049991936784389,0.5697468150298339,0.0010759051051697,0.0188283393404701,0.255258486201517,0.0,0.0257086000107567,0.0,0.0011297611362169,0.1589197331611792,0.8189692274585755,0.0,0.0
LINK,1,03/11/2010 00:00,24/03/2012 00:00,10.0,B,0.7238962067641892,0.2263531187122736,103.57971494862446,0.0665773385813583,0.0445344129554655,0.0058651106728029,0.27635053692746,1.242812676056338,,0.5191146881287726,0.1735198057114145,0.0053596851184992,0.4033163051670715,0.0460194827007054,0.0,0,0.0290330724564503,0.0099301523184381,0.0745331211791307,0.439242944477012,0.0,0.0771292186584038,0.0,0.6175362197470898,0.3053345615945063,0.0549367724646177,0.801189180135667,0.1438740473997153,0.0761753121595575,0.5470543869940501,0.3767703008463924,0.0769617284984507,0.0,0.0,0.0738631605393183,0.0906121765346286,0.6411523323004773,0.1943723306255757,0.0,0.0,0.0579515953437735,0.8056276693744242,0.0649861820618038,0.0026798425592496,0.5749937191190018,0.0005038206398522,0.0680997564866907,0.2479637249139306,0.0,0.0763755129386148,0.0,0.0005038629492777,0.1840779308028216,0.7415183070204904,0.0,0.0
LINK,1,22/07/2012 00:00,20/09/2014 00:00,10.0,C,0.7238962067641892,0.2210669563279858,44.55200484021781,0.0013936116840403,0.0522788203753351,0.0073004571026722,0.6213299929676512,1.50421481975968,,0.2315930388219545,0.0195097548774387,0.0474681785337113,0.2134956367072425,0.0251236729475849,0.0,0,0.0443283330524186,0.0052811955727849,0.0474125951864821,0.1702517925629481,0.0,0.0484130954366071,0.0,0.244344394419432,0.7072425101439609,0.0,0.9373575676727252,0.0626424323272747,0.0460090235615217,0.2195176293655657,0.7344733470729126,0.0488577622144405,0.0,0.0,0.0319048413095436,0.0426880106720026,0.8570396309265744,0.0683675170918792,0.0,0.0,0.0031216901722504,0.9309883494063216,0.0588104130665031,0.0056859356708846,0.3267056530214425,0.0008893335556667,0.0388527597131899,0.0515813462286698,0.0,0.0485242621310655,0.0,0.001000500250125,0.043466177533211,0.9112333944750152,0.0,0.0
LINK,1,11/12/2014 00:00,01/07/2017 00:00,10.0,D,0.7238962067641892,0.2588027652370203,69.23148406281945,,0.3723041997729852,0.0222477781251395,0.6205878850133238,1.365842164599775,0.2693866013379817,0.3246899661781285,0.1896901381879923,0.0221268163804491,0.0183053406303076,0.0239329124658437,0.441408757770853,0,0.0103676225804917,0.011033433204927,0.0562988787336285,0.2154904362574201,0.0,0.058371808159804,0.0,0.3058042023932913,0.6358239894469048,0.049985866390276,0.8699707905399039,0.08004334306982,0.0523717328170377,0.2533397870280736,0.6942884801548886,0.0604447375859794,0.0,4.711425206124853e-05,0.0561601884570082,0.0914958775029446,0.3566548881036514,0.4956419316843345,0.0,0.0,0.019400519235308,0.8708520179372198,0.0484304932735426,0.0108567382582015,0.3362389860057485,0.0016489211344577,0.045133327051729,0.0904079902006972,0.0,0.0561575426363893,4.71120324130783e-05,0.0017431451992838,0.0877697163855648,0.8566851973994158,4.71120324130783e-05,0.0
LINK,2,21/08/2014 00:00,31/07/2015 00:00,10.78146804568659,D,0.5928394611099886,0.3360427663734116,87.62453486976354,,0.3067846607669616,0.0163315568475452,0.4428980943152455,1.182284457478006,0.4484781811514485,0.1906158357771261,0.0158904779366825,0.0001222344456667,0.0641730839750641,0.0298252047426964,0.0,0,0.0,0.0252884851460839,0.0690624618017357,0.4827038259381494,0.0,0.0683290551277349,0.0,0.4394328321721061,0.4922381127001589,0.0,0.9418164038626085,0.0581835961373915,0.0662820670185344,0.5595924880324046,0.374125444949061,0.0683290551277349,0.0,0.0,0.0413152426353746,0.025424764698692,0.2362791834739029,0.6969808091920303,0.0,0.0,0.0046449089353379,0.9366825571446034,0.0515829360713849,0.0070895978486737,0.9260481603715928,0.0,0.067717882899401,0.5439432832172106,0.0,0.0765187629874098,0.0,0.0,0.4544676689891211,0.4747585869698081,0.0,0.0
LINK,2,27/09/2015 00:00,26/05/2018 00:00,10.0,B,0.5928394611099886,0.2490684523809524,79.42882641677822,,0.2950108459869848,0.0191922439414723,0.4598508230452675,1.264275081256772,0.4175774546111463,0.1829004329004329,0.0124649986451088,0.0001355380862022,0.0929339477726574,0.0333502001012006,1.026327550969768,0,0.0002289901534234,0.0092970002289901,0.0826935236202691,0.532291572577003,0.0,0.068241351278114,0.0,0.4098997380543763,0.5218589106675097,0.0594345587571131,0.8865504471140818,0.0540149941288049,0.0686860454586616,0.5024449877750611,0.4288689667662773,0.0720802095564989,0.0,0.0,0.0571312437900822,0.0527504290488664,0.2491644837864692,0.6409538433745823,0.0,0.0,0.4148758087137493,0.481789802289282,0.0489073881373569,0.0038908745419173,0.4568241351278114,0.0006442705936493,0.0618039576622181,0.4248964565117349,0.0,0.0838225995845,0.0,0.0012880077280463,0.4099084594507567,0.5181471088826533,0.0,0.0
ETC,1,20/05/2008 00:00,06/06/2009 00:00,28.31249976158142,C,0.4732735782112742,0.2803712534059946,8.788311545644293,0.0269109000452284,,0.0,0.3830715532286213,1.105519630484988,0.1139755766621438,0.1848958333333333,0.0053197509903791,0.0,0.5730438715513342,0.0492723730949925,0.0,1,0.0081313286284136,0.0417305922061982,0.0550655811849841,0.0722523744911804,0.0,0.0546318289786223,0.0,0.0866417826037778,0.8587263884175999,0.0248756218905472,0.9362279511533242,0.0388964269561284,0.0547573254893087,0.1348568842629257,0.8103857902477656,0.0554047942107643,0.0,0.0,0.0211442786069651,0.0637720488466757,0.1004070556309362,0.8146766169154229,0.0,0.0,0.3579828132066938,0.5863862505653551,0.0253279059249208,0.0033921302578019,0.1742424242424243,0.0,0.027621776504298,0.0311747851002865,0.0,0.0313206693803708,0.0,0.0,0.0104274091898705,0.9342271112638936,0.0,0.0031055900621118
ETC,1,02/10/2009 00:00,23/06/2012 00:00,27.5,D,0.4732735782112742,0.3338929347826087,11.027790030877812,0.1021575604702491,,0.0,0.2501821608040201,1.527662473794549,0.6535291203098961,0.1515463917525773,0.0063596590140273,0.1079945799457995,0.2971544715447155,0.0097743344894374,0.0,1,0.0007746992344148,0.03021327014218,0.0355839827034818,0.5321832349894149,0.2995031616982837,0.0327462726904193,0.0,0.5772262510697717,0.3900274762398089,0.1025179045988919,0.8821674699337868,0.0153146254673212,0.0360673497946102,0.576355346905611,0.3875773032997788,0.0437367686140264,0.0,9.008603216071348e-05,0.064141254898428,0.0598621683707941,0.451015720012612,0.4248907706860051,0.0,0.0,0.0818882032340885,0.8031169767127607,0.0086482590874284,0.0041890004954731,0.7310481509841898,0.0,0.012882302598982,0.0633304806089815,0.0,0.0203153153153153,0.0,0.0,0.1590468897797397,0.8256835277690194,0.0,0.0032679738562091
ETC,1,03/11/2012 00:00,04/04/2015 00:00,32.13750028610229,A,0.4732735782112742,0.3275862068965517,48.23470909995027,0.0731881835837677,0.3398773006134969,0.005401489740319,0.5228476716902096,1.024504283965728,0.2930082796688133,0.0012269938650306,0.0264061939188842,0.0079527963057978,0.0004617752693689,0.096047227926078,0.0,2,0.0002581844469689,0.0172467210575235,0.1284370847388327,0.242819176121844,0.8422267829656234,0.1252819356161575,0.0,0.2576378921468115,0.6170801722370309,0.0675107648144351,0.8618515480828378,0.0705864260816075,0.1239255014326647,0.3010130986492018,0.5750613999181334,0.127312685270367,0.0,0.0004599816007359,0.1119288561790862,0.0488091587447613,0.202034140856588,0.6367167535520801,5.110906674844117e-05,0.0,0.6169375447204334,0.2436880302565675,0.0618930798323622,0.0042420525401206,0.4613851265014056,0.0,0.1023100616016427,0.036652977412731,0.0,0.1058631089301232,0.0,0.0,0.1023613963039014,0.7757186858316222,0.0,0.0037783375314861
ETC,1,18/06/2015 00:00,23/09/2017 00:00,31.875,A,0.4732735782112742,0.315842803030303,9.44485255535733,0.000670915800067,0.0026631158455392,0.0,0.8229695048309179,0.6810146862483312,0.0521521799500138,0.0093333333333333,0.0067849396585284,0.0108017817371937,0.0032293986636971,0.0179482864995232,0.3279462692832407,2,5.638567803777841e-05,0.0295460952917958,0.0299883378686066,0.0379296940078858,0.8668708240534521,0.0301549397456544,0.0,0.0419836730160493,0.9278613872382964,0.0,0.9752318542788916,0.0247681457211084,0.0278241513633834,0.089259877573734,0.8829159710628826,0.0303249097472924,0.0,0.0006664075081912,0.0196590214916421,0.0118842672294107,0.0387627033931249,0.928972066418615,0.0,0.0,0.9552722799955272,0.020910209102091,0.0153751537515375,0.006820977300682,0.4627644804798134,0.0,0.0192340043739135,0.0082431447316772,0.0,0.0271035823382393,0.0,0.0,0.0107689718997139,0.9651130181165516,0.0,0.001360544217687
ETC,1,26/11/2017 00:00,20/04/2019 00:00,32.5,B,0.4732735782112742,0.4655871212121212,24.478605698619408,0.0003269754768392,0.2670454545454545,0.0,0.3576000217882724,2.380227272727272,0.156781958148108,0.0227272727272727,0.0139558232931726,0.0133521493703864,0.0,0.0738510937186433,4.038969940272202,2,0.0,0.0387174173846657,0.0868954445113385,0.1046558298213927,0.8346721667390359,0.0889081643716794,0.0,0.1123278759622682,0.7987639596660523,0.0,0.922259568470129,0.0777404315298709,0.0856086152507342,0.1518546720330687,0.762536712716197,0.0891250135530738,0.0,0.0007589721348801,0.0614767429252954,0.0294914886696302,0.1194838989482815,0.7887888973219126,0.0,0.0,0.9059400544959127,0.0243051771117166,0.063433242506812,0.0052316076294277,0.3533557410820774,0.0,0.0696367650010034,0.0200682319887617,0.0,0.0798715633152719,0.0,0.0,0.0114388922335942,0.9078868151715834,0.0,0.08
ETC,2,13/10/2008 00:00,29/01/2010 00:00,12.26250004768372,C,0.5928836087612471,0.2370020547945206,63.918889133788845,0.0,0.0600461893764434,0.0066693091400217,0.000917525470507,0.7130221130221128,0.9127433227704844,0.072599531615925,0.0064735945485519,0.0013659647125782,0.0521343198634035,0.02184493491794,0.9505179108621122,0,0.0273954296405185,0.0056127221702525,0.0657611771363893,0.922014714204867,0.0,0.0692517625653855,0.0,0.9186945644757788,0.0120536729588355,0.0,0.9446460980036298,0.0518375680580762,0.0606926505886387,0.9106183563835868,0.0286889930277746,0.0755998189225894,0.0,0.0061120543293718,0.0399547255234861,0.0345217883418223,0.8542161856253537,0.065195246179966,0.0,0.0056593095642331,0.0,0.4779852857951329,0.4803621958121109,0.0356536502546689,0.5496470052379868,0.0001131861912846,0.055461233729485,0.0388228636106395,0.0,0.0598958333333333,0.0,0.0002263723825693,0.1100169779286927,0.8311262026032824,0.0,0.0164383561643835
ETC,2,09/02/2013 00:00,12/09/2015 00:00,13.77499946951866,D,0.5928836087612471,0.3758237913486006,67.84675814926287,0.0001588478237848,0.0379266750948166,0.0100915678233902,0.4553265135147052,0.7805456852791878,0.3508976327913997,0.0050441361916771,0.008524833209785,0.0168458971234836,5.297451925623775e-05,0.0363780778395552,0.0,1,0.0017772511848341,0.0868160275743214,0.0650217092025839,0.1951180768823467,0.8374741749218626,0.0662395425182675,0.0,0.2655406120936143,0.6682198453881182,0.0,0.9450916022450492,0.0549083977549507,0.0654661016949152,0.2957627118644068,0.638771186440678,0.0663030238839167,0.0,0.0004235941967595,0.0380705284337604,0.031557767658583,0.3455469660065657,0.5844011437043313,0.0,0.0,0.0,0.761516467224399,0.2088319390024357,0.0294927459493805,0.7685219509611819,0.0,0.0548054011119936,0.0164680963727826,0.0,0.0631155353171661,0.0,0.0,0.0343129467831612,0.9034683611331744,0.0,0.0090673575129533
ETC,2,15/11/2015 00:00,02/07/2018 00:00,13.125,D,0.5928836087612471,0.329777618364419,15.86582048957389,0.0316943127962085,0.0257142857142857,0.0033074352185424,0.6012724799976851,0.9160285714285714,0.2687859849416859,0.0042857142857142,0.0043250950570342,0.0103422802265451,0.0,0.0115499786111507,0.2663188891743698,1,0.0011917767404906,0.0323269440858079,0.0242395437262357,0.1369296577946768,0.8757941393745383,0.0248098859315589,0.0,0.2255228136882129,0.7496673003802281,0.0528025195610452,0.9287436641897544,0.0184538162492003,0.0244976076555024,0.2023444976076555,0.7731578947368422,0.0258353427488804,0.0001968407066581,0.0005905221199744,0.0272132276954874,0.0406476059249052,0.1339008907041976,0.7975985433787707,4.921017666453422e-05,0.0,0.0240916271721958,0.8940560821484992,0.0385071090047393,0.0107128751974723,0.8951331135278776,0.0,0.0182518180521887,0.0173487333048148,0.0,0.0245247148288973,0.0,0.0,0.0387851133609011,0.9393031988212368,0.0,0.0
DOT,1,18/08/2006 00:00,13/10/2007 00:00,10.0,D,0.3513068218383179,0.1903509852216749,37.88634097706879,0.057485398094067,0.1449631449631449,0.0004156769596199,0.0,6.567709359605911,0.4513782149810432,0.0,0.2537543715284921,0.3770661157024793,0.0668044077134986,0.0454065469904963,0.0,0,0.6742539200809307,0.0495700556398583,0.0517188301693176,0.4116983068240123,0.0058539944903581,0.0638632001395917,0.0029663235037515,0.6946431687314605,0.2385273076251963,0.0638121832661081,0.8918192160512979,0.0434377908780639,0.0475308641975308,0.3531893004115226,0.5992798353909465,0.0522594528127882,0.0,0.0012296341838303,0.029818628957885,0.0809509171021621,0.236807049902654,0.6511937698534686,0.0,0.0,0.0220309457936264,0.8556204529152577,0.051132288144277,0.0125012808689414,0.7777994157740993,0.0,0.0609236816246315,0.1208647232230593,0.000504795557799,0.0954063604240282,0.0,0.0002639915522703,0.1158922914466737,0.7888067581837381,0.0287750791974656,0.0
DOT,1,23/01/2008 00:00,14/08/2010 00:00,10.0,D,0.3513068218383179,0.1787099753694582,40.82242246228904,0.0460165187503206,0.2326732673267327,0.0017242917689047,0.1485091828388727,6.446412776412775,0.5511209152003284,0.0,0.5188529215615862,0.5496845021289694,0.0009747088698507,0.0255207765296106,0.2240255573707768,0,0.7138139222870117,0.0199184684452242,0.0431436926076027,0.3978351202995947,0.0342174113784435,0.0447853075462986,0.0,0.460729492638383,0.4944851998153183,0.0491458472272097,0.9195608680038988,0.0312932847688914,0.0390909557276971,0.3754168162930283,0.5854922279792746,0.0467347252860001,0.0,0.0,0.0412968758015697,0.0460165187503206,0.3224234340532499,0.5902631713948597,0.0,0.0,0.0110296003693633,0.9112501923767506,0.0226748063407377,0.0090288821628276,0.7618119324885857,0.0,0.0327684252012837,0.1509487078430269,0.0001762011041935,0.0384118407142018,0.0,0.0,0.1245501145163049,0.838150289017341,0.0003271894426873,0.0
DOT,1,08/11/2010 00:00,07/04/2012 00:00,10.45000013709068,B,0.3513068218383179,0.1616135144198524,16.409583196586805,0.0,0.1810865191146881,5.51831812431021e-05,0.2127352014859081,6.764558232931727,0.5546901172529313,0.0,0.1293969849246231,0.4940768319512608,0.008461668641056,0.0414727041895895,2.19478164006344,0,0.8249287987937678,0.0060311609984922,0.0623013881920053,0.4919719016557953,0.0099001523100355,0.0626358922896805,0.0,0.5023415286837264,0.4350225790265931,0.0670680715838769,0.8884428834253221,0.0444890449908011,0.0612978758989797,0.4126944305067737,0.5260076935942465,0.0633165829145728,0.0,0.0,0.0337849138651948,0.0956681719351062,0.3427830740926576,0.5277638401070414,0.0,0.0,0.0036759879217539,0.9376394906131024,0.05487724826047,0.0034134173559144,0.7119919719016558,0.0,0.034794358584579,0.0808208766151507,0.0001043841336116,0.0491649269311064,0.0,0.0,0.0548455353364367,0.7541261108760051,0.1435463393990689,0.0
DOT,1,12/10/2013 00:00,09/04/2016 00:00,10.0,B,0.3513068218383179,0.1799006211180124,34.48945885553289,0.0173998347790169,0.2002503128911139,0.0016025641025641,0.6698282967032967,5.742431761786599,0.1500103135313531,0.0,0.2117142709570787,0.5309739085507621,0.0028933092224231,0.0412504528751099,1.518021956669581,1,0.5632695292291774,0.0059493016037247,0.0531525493633036,0.1018714234159922,0.0078016016533195,0.0539913366336633,0.0,0.1340759075907591,0.8119327557755776,0.0236695544554455,0.930641501650165,0.0456889438943894,0.053513429911842,0.1019229777800691,0.8445635923080889,0.053888201320132,5.156765676567657e-05,0.0,0.0188173428880754,0.0544929628293035,0.0589781925039954,0.8677115017786255,0.0,0.0,0.0098616274266831,0.8853779429987608,0.075691862866584,0.0074865757951259,0.8583286075166263,0.0,0.0434670116429495,0.0224579560155239,0.0,0.0475846780429963,0.0,0.0,0.0154236323171678,0.9370115418456602,0.0,0.0
DOT,2,14/11/2006 00:00,12/09/2009 00:00,17.862499833107,B,0.4051734625583722,0.1795798150381986,37.13113152237639,,0.2885821831869511,0.0021096365616554,0.1202311322657416,1.441018404907975,0.4056007226738934,0.0083333333333333,0.292331015735271,0.4701514526489481,0.011845129353527,0.028289117487818,0.1282490555467062,0,0.8166756708085721,0.0150669307881625,0.0746113476581839,0.1979403901376374,0.0133773351405504,0.0397085812802402,0.0007229853734497,0.354374061509371,0.6051943718369389,0.0079073005768848,0.9270936940521186,0.0498309130694251,0.0432468396540252,0.2395209580838324,0.7172322022621423,0.0405374887082204,5.645889792231256e-05,0.018911827318184,0.0369820288133075,0.0240605970592603,0.1764938858359325,0.7435516609733155,0.0,0.0136694566886236,0.0100539844485166,0.9078797484027537,0.0343717497895101,0.0258035758506265,0.9004139274409545,0.0043016919988528,0.0408660739891023,0.0382850587897906,0.0,0.0548674110258199,5.942123715015747e-05,0.005143475906876,0.1422577152138603,0.8063075257173795,0.0,0.0037974683544303
DOT,2,26/11/2009 00:00,04/08/2012 00:00,18.125,B,0.4051734625583722,0.1747413289521723,90.27655451823146,,0.2081497797356829,0.0049553754543782,0.1672402087664956,1.771425438596491,0.5833980893175481,0.0,0.4989007969222314,0.5290298985096461,0.0010971930145378,0.0452018925995681,0.2697286564677654,0,0.671293751145318,0.0131940626717976,0.0876632271025477,0.4889507807506164,0.029395629514492,0.0891242808875901,0.0,0.5594009679481325,0.3514747511642772,0.0906309926034152,0.8431650077618482,0.0662039996347365,0.082078589790672,0.5168931325743665,0.4010282776349615,0.0894089683228961,0.0,0.0,0.0794904574924664,0.0804492740389005,0.2995160259337047,0.5405442425349283,0.0,0.0,0.0175783033512921,0.685188567254132,0.1871975162085655,0.0268012053693726,0.8260889416491645,0.0,0.0629164943241877,0.1029459074405993,0.0,0.0724203145901563,0.0,0.0,0.2922504478846065,0.6319536956222149,0.0,0.0033185840707964
DOT,3,17/10/2007 00:00,31/01/2009 00:00,14.78750005364418,A,0.3744775064574331,0.1542494356659143,115.23574947220268,,0.4604966139954853,0.0071600906228852,0.0,1.554539325842696,0.5698863636363637,0.0,0.6964285714285714,0.4268510678332863,0.0115721140276601,0.0984935064935065,1.286505934514268,0,0.8192202397809875,0.0087793826111583,0.1787503544758484,0.3840627658568863,0.0128892652178003,0.1751975912683477,0.0,0.493413624388408,0.3313887843432443,0.1248703197208337,0.7504479864189381,0.1246816938602282,0.1546752387255365,0.373830008509029,0.4714947527654345,0.1836174242424242,0.0,0.0,0.1217046206179722,0.1322876311064916,0.2162902768591137,0.5297174714164226,0.0,0.0,0.0192874109263658,0.7213301662707838,0.1090736342042755,0.0427553444180522,0.7304273827534039,0.0,0.1331322272498743,0.0945198592257415,0.0001210360687484,0.1514161220043573,0.0,0.0,0.1455584415584416,0.7042077922077922,0.0001038961038961,0.0
DOT,3,11/09/2012 00:00,31/01/2015 00:00,25.46250027418136,A,0.3744775064574331,0.1837717254408061,23.694241269187184,,0.2243346007604563,0.0008170481150556,0.5801009763167535,1.891604010025062,0.2032054650551761,0.0,0.2013362794612795,0.482405697705091,0.0014771828013716,0.0390337726989873,1.049500219335861,1,0.6917685497470489,0.0259274873524452,0.0446930308282128,0.1632792395357387,0.0977578475336322,0.0452850013133701,0.0,0.1820856317310218,0.7726293669556081,0.0,0.9629629629629628,0.037037037037037,0.0449071883052006,0.1428721670084661,0.8122206446863333,0.0450867052023121,0.0,0.0,0.0116590515204033,0.0358174465626805,0.1606533270311433,0.7918701748857728,0.0,8.547739123001966e-05,0.6182579707667322,0.3584921788187024,0.0203436191127446,0.0015385930421403,0.9580379181765664,0.0,0.0321721891815349,0.0446898895497026,0.0,0.0414608512874408,0.0002101833850034,0.0,0.0651694292017876,0.8898003054816994,0.0,0.0025542784163473
DOT,3,14/05/2015 00:00,11/02/2017 00:00,27.5,B,0.3744775064574331,0.1931695344129555,36.568419512908655,0.0972316002700877,,0.0070787420399469,0.301771315554976,1.441649899396378,0.4809005818365798,0.0259740259740259,0.2651994265958344,0.534644273778378,0.0028694404591104,0.0442731672342713,0.0,1,0.6345405313927907,0.0392621424944999,0.094864659752087,0.4244034066953369,0.0458266520381466,0.1043089636562948,0.0,0.4565309047980437,0.4391601315456615,0.1011889704022262,0.8227506535121005,0.0760603760856733,0.0882873766759423,0.4115861371110549,0.5001264862130028,0.1127413778564803,0.0,0.0,0.0920819630660258,0.0803609073277679,0.123366219748714,0.7041909098574922,0.0,0.0,0.0327481431465226,0.7938048615800135,0.050303848750844,0.025911546252532,0.8038620457036849,0.0,0.0750514357277037,0.1170050988460506,0.0,0.0824690108778143,0.0,0.0,0.259275855888152,0.6567485212403656,0.0,0.0041580041580041
DOT,4,29/09/2007 00:00,30/08/2008 00:00,10.0,C,0.3543761415172124,0.1205401234567901,13.52015732546706,0.0,,6.200396825396825e-06,2.686838624338625e-05,1.723538461538462,0.2111440732619631,0.0,0.0921682847896439,0.4685928027860184,0.0202502257190764,0.0227941176470588,0.0,0,0.9211714617468714,0.0025803122177783,0.025667483554753,0.1371082161743841,0.0086418160711982,0.0260544305430156,0.0,0.1667741519411841,0.8071714175158003,0.0,0.9796207919515026,0.0203792080484973,0.0259254482135947,0.1549077776344641,0.8191667741519412,0.0260544305430156,0.0,0.0,0.0147458284827318,0.0117707929116543,0.1205536153149657,0.8529297632906481,0.0,0.0,0.0001460280373831,0.9389602803738316,0.0496495327102803,0.0110981308411214,0.6753514768476718,0.000352733686067,0.028395061728395,0.1292768959435626,0.002322340919647,0.0229137637405171,0.0001393534002229,0.0,0.1805147058823529,0.7858455882352942,0.0,0.0
DOT,4,12/12/2008 00:00,20/05/2010 00:00,10.0,D,0.3543761415172124,0.1522412008281573,89.5718629303969,0.033749461902712,,0.0090192180251822,0.1762027833001988,1.93740206185567,0.5365769496204279,0.0,0.1436230004323389,0.6304347826086957,0.0016390614216701,0.0477453580901856,5.473531535213582,0,0.7835015963413582,0.0104409353697471,0.0777442961687473,0.3415411106328024,0.0335576259489303,0.0797244941885493,0.0,0.4476969436074042,0.4725785622040465,0.0371071889797675,0.8899698665518726,0.0729229444683598,0.0787774429616874,0.3742574257425743,0.5469651312957383,0.0810041407867494,0.0,0.0,0.0439948342660353,0.0712010331467929,0.2439087386999569,0.6408953938872148,0.0,0.0,0.0180800688764528,0.8671545415411106,0.0544123977615152,0.0266035299182092,0.8762806715454154,0.0,0.0736440978376462,0.162974122651542,9.242144177449168e-05,0.0816081330868761,0.0,0.0,0.3502210433244916,0.5659593280282935,0.0,0.0020833333333333
DOT,4,05/09/2010 00:00,06/04/2013 00:00,16.66074052520141,D,0.3543761415172124,0.1591617591543979,46.3931592831802,0.0276276840670958,,0.0013712335216572,0.3176744938794727,2.272889390519188,0.4597679552820706,0.0129032258064516,0.2605951745230351,0.486401427967495,0.000798534454413,0.049455984174085,2.087355351040931,0,0.7679586563307493,0.0186516326051209,0.0614871529898069,0.3692986988585655,0.0062943304053736,0.0627554135938747,0.0,0.4359058668796092,0.501338719526516,0.0351355159941753,0.915872046596834,0.0489924374089905,0.0616280708347033,0.4004415425806755,0.5379303865846211,0.0632251397435295,4.697261496547513e-05,4.697261496547513e-05,0.035793132603692,0.0690027713842829,0.4445488280332566,0.4506082953638029,0.0,0.0,0.0231170417704271,0.8981346614668985,0.0446835502513743,0.0063900765869473,0.9002301658133308,4.703226413319537e-05,0.0489135546985231,0.245790612360079,0.0,0.0563806640809762,0.0,0.0,0.3781734256511705,0.5599359427252603,0.0,0.0
DOT,4,18/07/2013 00:00,13/02/2016 00:00,21.25,D,0.3543761415172124,0.1596635338345865,100.80061734349378,0.0038521603331598,0.0977443609022556,0.0143285610862402,0.3854247004417653,1.527659574468085,0.345495237599542,0.024390243902439,0.3602090923491209,0.6033208411409535,0.0092650426816572,0.0508456880350803,0.0,0,0.7208684786004373,0.0108299489742788,0.112394029229729,0.2078327352161023,0.0106704143243805,0.1136493729510329,0.0,0.275745433730551,0.610605193318416,0.0072331789561325,0.8848935838060051,0.1078732372378623,0.1134342331096895,0.2520934103084205,0.6344723565818899,0.1145058033623067,0.0,0.0,0.0765590055650907,0.0550267852499089,0.6950642325895876,0.1733499765954127,0.0,0.0,0.011087975013014,0.8774596564289433,0.0905778240499739,0.0170223841749089,0.5009101783949654,0.0,0.104818082163178,0.0761079500965704,0.0,0.1111400176908268,0.0,0.0,0.1743579035289204,0.7135101273752349,0.0,0.0051480051480051
DOT,4,06/05/2016 00:00,09/09/2017 00:00,21.25,D,0.3543761415172124,0.1911328125,20.466275137924896,0.0622779128483261,0.111358574610245,0.0,0.6644475560081466,2.578761061946902,0.2192712701518964,0.0,0.3456617166339778,0.5547989926312844,0.0044771942915772,0.0230836661147365,2.780743904609361,0,0.5929277850345214,0.0291099085650307,0.0390457552884167,0.1618674867207157,0.0010260236918197,0.0396980710092256,0.0,0.2062249557357189,0.7540769732550554,0.0691454664057403,0.8978659957133538,0.0329885378809057,0.0391425908667288,0.2464119291705499,0.7144454799627213,0.0393253191687634,0.0,0.0,0.0373064726730087,0.0696698377168438,0.0882298078716657,0.8047938817384817,0.0,0.0,0.0189826070693847,0.8833925565737797,0.0279596035159902,0.0073873199925191,0.8821172304538254,0.0,0.0296065446045968,0.0534670821971172,0.0,0.0387770320656226,0.0,0.0,0.0956462452517775,0.8687055615077433,0.0,0.0
DOT,4,22/10/2017 00:00,05/01/2019 00:00,24.375,D,0.3543761415172124,0.1819164648910412,92.18359900134436,0.012262538948638,0.0817307692307692,0.0234194994160906,0.6349651232522173,1.284144578313253,0.2239880059970015,0.0,0.4127,0.7534232883558221,0.0032983508245877,0.0327486565953563,0.0,0,0.4765248796147673,0.0050160513643659,0.0827586206896551,0.1798100949525237,0.0,0.0839580209895052,0.0,0.2045977011494253,0.7114442778610695,0.0217891054472763,0.9023488255872064,0.0758620689655172,0.0833583208395802,0.2014992503748126,0.7151424287856072,0.0845577211394302,0.0,0.0,0.0600819754073777,0.0429871038688393,0.1659502149355193,0.7309807057882636,0.0,0.0,0.0220122625389486,0.8865212584179315,0.0647301236305156,0.0144738164639662,0.8435843584358436,0.0,0.0771265771265771,0.0622710622710622,9.995002498750624e-05,0.0838580709645177,0.0,0.0,0.1080807056676468,0.8069552874378992,0.0,0.0049261083743842
SHB,1,22/11/2007 00:00,07/03/2009 00:00,10.48750013113022,B,0.6906780322803711,0.1702148148148148,36.96357735304724,0.0533765032377428,0.1180400890868597,0.0,0.1815316112290635,1.455364238410596,0.5026827012025902,0.0,0.1943876602861921,0.2541165587419056,0.0054579093432007,0.0291423813488759,0.0,0,0.7388134238913304,0.018178186176588,0.0325624421831637,0.2998149861239593,0.0003700277520814,0.0333950046253469,0.0,0.3558741905642923,0.6107308048103608,0.0489406975668424,0.9252474789527246,0.0258118234804329,0.0317328152465538,0.2348968452215746,0.7333703395318716,0.0336725254394079,0.0,0.0,0.015263644773358,0.0702127659574468,0.3265494912118409,0.5879740980573543,0.0,0.0,0.6029602220166512,0.3229417206290472,0.0194264569842738,0.0012950971322849,0.7233117483811285,0.0,0.0249791840133222,0.0382088999907484,0.0,0.0341350601295097,0.0,0.0,0.0805809973170506,0.8875011564437043,0.0,0.0
SHB,1,07/05/2009 00:00,17/09/2011 00:00,10.0,B,0.6906780322803711,0.1902270155586988,42.47847757136384,0.0001188071759534,0.4836795252225519,0.0001786404016994,0.3800349233938458,1.242375,0.4467946824224521,0.0068965517241379,0.0228814059090641,0.1859792109614931,0.0229151901724545,0.0219378427787934,0.0,0,0.4705707667636753,0.0112252776622913,0.0376966458889878,0.3419412288512912,0.0618946373730215,0.0387313564817544,0.0,0.4134881801568119,0.5477804633614337,0.0,0.9698613978177528,0.0301386021822471,0.0374658591616197,0.2717610735067094,0.6907730673316709,0.0387592319054652,0.0,0.0,0.0219780219780219,0.0162756162756162,0.2004158004158005,0.7613305613305613,0.0,0.0,0.4452298918854699,0.5276820719971487,0.0243554710704526,0.0026137578709754,0.664647544390997,0.0,0.0320221737335613,0.2014507283127912,0.0,0.0421027733427946,0.0,0.0,0.2779383145603586,0.6842012148375303,0.0,0.003062787136294
SHB,1,13/11/2014 00:00,12/08/2017 00:00,12.73750022053719,B,0.6906780322803711,0.2846927419354839,60.666464445118514,0.0944850141122709,0.058759521218716,3.4619805298215e-06,0.3675155442925789,0.7515508021390372,0.4984776573833617,0.0,0.0021489971346704,0.0276235673352435,0.0,0.0858255730659025,0.9804133030562078,1,0.0015762925598991,0.0199963970455773,0.0860941977077364,0.4741672636103152,0.7320469197707736,0.0735201934270618,0.0,0.4597026954419271,0.4667771111310109,0.0944300170144174,0.8484821348616459,0.0570878481239366,0.0670636164211845,0.3977257465192282,0.5352106370595873,0.0860571326229067,0.0,0.0,0.0672904727793696,0.0815723495702005,0.1226719197707736,0.7284652578796562,0.0,0.0,0.2608306079476726,0.5984498902378925,0.0453384704986335,0.0008960172035303,0.7037070200573066,0.0,0.0757107678531452,0.5588090441011865,0.0,0.3481823065902579,0.0,0.0,0.5286532951289399,0.3578080229226361,0.0,0.0
SHB,2,12/05/2011 00:00,01/02/2014 00:00,10.0,A,0.8704207783527181,0.2577807433768288,44.21801403441315,0.0501425621866089,0.1932668329177057,0.0,0.4181586836784494,1.627304964539007,0.3966881234337379,0.0,0.0068843430369787,0.0234714003944773,0.0,0.0355684557485118,0.1021340241583917,0,0.0483122779313067,0.0268949861823924,0.0607609871202438,0.2751450201553436,0.7815088757396451,0.0643004620981221,0.0,0.3452954478419035,0.5904040900599744,0.0620608323915286,0.901921281509508,0.0360178860989632,0.0524530527971684,0.2582341952610363,0.6893127519417953,0.0619134194879858,0.0,0.0,0.0558203528082158,0.0520858925851309,0.2534519188246278,0.6386418357820255,0.0,0.0,0.013371349916429,0.8934716350408023,0.03195359355029,0.0110608593058696,0.7241124987707739,0.0,0.0428409817520043,0.2369780138704441,0.0,0.0510590200992677,0.0,0.0,0.2942883849067742,0.6429871599350617,0.0,0.0
SHB,2,30/05/2014 00:00,27/08/2016 00:00,10.21250005066395,B,0.8704207783527181,0.2685989726027397,85.77517314864144,,0.0634696755994358,0.0,0.6397535569105691,0.8327530364372469,0.174810853859719,0.0,0.0054616828810377,0.0041112316564837,0.0,0.0238921440354969,0.0,0,0.0214187010594196,0.0153730999539382,0.0752559726962457,0.0843572241183162,0.9463255867070176,0.0766780432309442,0.0,0.135551763367463,0.7877701934015927,0.0,0.935608646188851,0.064391353811149,0.0750241738240145,0.0688242989591035,0.8561515272168818,0.0770237214858638,0.0,0.0,0.0560864618885096,0.0204209328782707,0.1175767918088737,0.8059158134243458,0.0,0.0,0.0007984487281852,0.9252880118626668,0.0666134367514543,0.0067868141895745,0.4088168373151309,5.688605722737357e-05,0.0707662551908527,0.0423232265771659,0.0,0.0754877979407247,0.0,5.688605722737357e-05,0.0450537573240798,0.8786620399340122,0.0,0.0
MATC,1,01/10/2012 00:00,22/03/2014 00:00,10.0,A,0.3291405676654985,0.2138495145631068,100.50251256281408,,0.4502923976608187,0.0007745622882561,0.3005094783665658,2.788413926499033,0.5215629053177692,0.1969111969111969,0.0092722907525457,0.0,0.5686608300907912,0.0374513618677042,14.97873948447069,2,0.0970258410531448,0.010157646676418,0.0909533073929961,0.3668125810635538,0.0,0.1032749675745785,0.0,0.5058365758754864,0.3908884565499352,0.0898184176394293,0.8377107652399481,0.0724708171206225,0.0841663979361496,0.417929700096743,0.4979039019671074,0.1020590142671855,0.0,0.0,0.0969520103761348,0.0763618677042801,0.3607328145265888,0.4659533073929961,0.0,0.0,0.016521526816961,0.8226580939204037,0.0493204199560511,0.0293806462114429,0.8277399481193255,0.0,0.0680933852140077,0.134727626459144,0.0,0.0809014267185473,0.0,0.0,0.1312418936446174,0.7921530479896238,0.0,0.0
MATC,1,14/06/2014 00:00,18/02/2017 00:00,29.37499952316284,A,0.3291405676654985,0.2273245098039215,123.28895555972248,,0.2975206611570248,0.0323944560180264,0.4374140838683163,0.9807058823529412,0.349933761837005,0.4658823529411765,0.0704505977316848,0.0,0.7372448979591837,0.0421899529042386,2.285299304723965,2,0.0155613371950321,0.0152668008443375,0.1228742750417773,0.2303646908483239,0.0,0.1260182549808617,0.0,0.322259299244283,0.5517224457748552,0.0421899529042386,0.8406102825745683,0.1171997645211931,0.1236192252933379,0.2860228779026953,0.5903578968039668,0.1273735341739856,0.0,0.0,0.1062598116169545,0.0628434065934065,0.2453885400313972,0.5855082417582418,0.0,0.0,0.0110741421264339,0.8309082782936882,0.0643094800615781,0.0576054029895217,0.83357097202419,0.0001474491300501,0.1113732428978669,0.065958910842426,0.0,0.124447065762312,0.0,0.0001471742543171,0.0530317896389324,0.8313383045525903,0.0,0.0
MATC,1,18/07/2017 00:00,28/09/2018 00:00,34.25,B,0.3291405676654985,0.3796506329113925,56.40213734415199,,0.3680203045685279,,0.6269832189168574,0.6929471032745592,0.1567520625271385,0.0957178841309823,0.1378638551455421,0.0305276929786306,0.0200610553859572,,0.0,2,0.000765780549174,0.0513072967946614,0.1046359064071725,0.0263503170785042,0.5546227649367641,0.1092077087794433,0.0,0.0962526766595289,0.7945396145610278,0.0,0.9042724060391903,0.0957275939608095,0.1121135438442073,0.046649796457256,0.8412366596985367,0.1046461137646548,0.0208423795049934,0.0001107051920735,0.0694121554300896,0.0353149562714491,0.0430643197165947,0.852097863389793,0.0,0.0,0.0,0.9108714788732394,0.0547975352112676,0.0343309859154929,0.9079378963481304,0.0,0.089107814921408,0.0235775957493911,0.0,0.1052397868561279,0.0,,,,,0.1260053619302949
MATC,2,10/09/2009 00:00,02/10/2010 00:00,13.125,C,0.1939276569889351,0.2430563002680965,20.46972635207929,0.0,0.0,,0.3046493683606087,0.4351206434316354,0.4892473118279571,0.0663129973474801,0.0026821636119803,0.0,0.3666741171211444,0.029716343989194,0.0,2,0.0,0.0039290525370453,0.0410439437876422,0.1915012268570154,0.0,0.0436091902743698,0.0,0.2924380994869507,0.6639527102386794,0.0,0.9643096140977024,0.0356903859022975,0.0409324113316975,0.2010930180682579,0.7579745706000446,0.0443548387096774,0.0,0.0,0.0124916350658041,0.0294445683693954,0.1490073611420923,0.809056435422708,0.0,0.0,0.0,0.00055791118054,0.9879491185003348,0.0114929703191251,0.9582868614766896,0.0004505011825656,0.0246649397454668,0.0854825993918234,0.0,0.0435851586946803,0.0,0.0,0.1105357946870779,0.8543448896893291,0.0,0.0
MATC,2,26/12/2010 00:00,17/08/2013 00:00,13.125,D,0.1939276569889351,0.258797182821119,42.81144147534814,0.0177113738683025,0.0242792109256449,,0.369051628596514,1.065775623268698,0.3938322529954823,0.1905882352941176,0.006093965008846,0.0,0.4272655789266758,0.0877943272870274,9.879563417388033,2,0.0008430866891489,0.0112576869668716,0.0480259281084266,0.2636024356707916,0.0,0.0492044784914555,0.0,0.3574445099194657,0.5933510115890788,0.0198880377136122,0.9317422903162444,0.0483696719701433,0.0478179673678002,0.2668566935325339,0.6853253390996659,0.0491062659595364,0.0,0.0,0.0313789039481437,0.03707523079945,0.2129738754665096,0.7185719897858966,0.0,0.0,0.0097956760500667,0.9279671498540544,0.035719586404789,0.0088062138227873,0.9233225267708026,4.91569581674286e-05,0.0627734355798063,0.6696160841567124,0.0,0.2773435579806321,0.0,4.91569581674286e-05,0.6528044044634518,0.234085434793295,0.0,0.0
MATC,2,14/11/2013 00:00,11/04/2015 00:00,34.125,D,0.1939276569889351,0.3047263104838709,85.60247839556497,0.0548724383103304,0.2616632860040568,,0.4149094305905288,0.5560040160642571,0.3896603647314705,0.6653306613226453,0.0063571727310748,0.0,0.3162958005688473,0.0647482014388489,7.6430784281754445,2,0.0,0.0238753455642121,0.117829068406088,0.1508613480515137,0.0,0.12117410938284,0.0,0.2824887104867035,0.5963371801304566,0.0462451915035959,0.8373473825054357,0.1164074259909684,0.1177454423816691,0.1376484361933434,0.7446061214249875,0.1212983101890581,0.0,0.0,0.0878909516641578,0.0930757651781234,0.479177119919719,0.3398561632379997,0.0,0.0,0.3482225010455876,0.5120869928900041,0.0800501882057716,0.0047678795483061,0.818736930154747,0.0,0.1144386816128492,0.0466789359210306,0.0,0.1215492722101389,0.0,0.0,0.0749539902961351,0.8065082817466956,0.0,0.081799591002045
MATC,2,14/05/2015 00:00,08/07/2016 00:00,43.5,A,0.1939276569889351,0.2939908536585366,79.3729536660383,0.0223246287762416,0.0612745098039215,0.0191211401425178,0.4689644365267881,0.407107843137255,0.398576512455516,0.2689486552567237,0.0444331469242501,0.0511438739196746,0.1236400610066091,0.0433272021254853,6.076991765056058,2,0.0,0.0183467536438691,0.0942552109811896,0.3192679206914082,0.0,0.095373665480427,0.0,0.3827147941026944,0.5219115404168785,0.0184055318283506,0.8923123856009763,0.0892820825706731,0.0952235772357723,0.3253048780487805,0.5794715447154472,0.0950686324351804,0.0,0.0,0.0670066292707802,0.0771035186129525,0.4259051504334523,0.4299847016828149,0.0,0.0,0.3332309267793139,0.5732718894009217,0.0704557091653865,0.0007168458781362,0.8787878787878788,0.0001021972406745,0.0854368932038835,0.1059785385794584,0.0,0.1009762050030506,0.0,0.0,0.2096873083997547,0.6947680359697527,0.0,0.2493827160493827
