TRIG;UNIT;DATE_DEBUT_DELTA;DATE_FIN_DELTA;VALEUR;MATERIAU;TENEUR;AP_mean;indicateur_1;indicateur_2;CHIMIE1;pc0min;pmd;CHIMIE2;indicateur_3;CHIMIE3;sortie_1;chimie3_first_range;chimie3_sr;indicateur_4;TARGET;info;indicateur_5;indicateur_6;sortie_2;sortie_3;CHIMIE4;indicateur_7;indicateur_8;indicateur_9;indicateur_10;indicateur_11;indicateur_12;indicateur_13;indicateur_14;indicateur_15;indicateur_16;indicateur_17;indicateur_18;indicateur_19;indicateur_20;indicateur_21;indicateur_22;indicateur_23;indicateur_24;indicateur_25;indicateur_26;indicateur_27;indicateur_28;indicateur_29;indicateur_30;indicateur_31;indicateur_32;indicateur_33;indicateur_34;indicateur_35;indicateur_36;indicateur_37;indicateur_38;indicateur_39;indicateur_40;indicateur_41
TOTO;1;19/12/2008 00:00;27/03/2010 00:00;10.49999982118607;A;0.4440632861322734;0.3785662921348315;10.062202707647273;0.0;0.1261261261261261;0.0;0.1772573194144469;1.187219730941704;0.7682721139430285;0.2746781115879828;0.1043853073463268;0.0;0.2242316341829085;0.01823198975066522;4.116355816697705;1;0.0003795786676788764;0.04137407477699753;0.02295727136431784;0.158452023988006;0.0;0.02314467766116942;0.0;0.2119565217391305;0.7648988005997002;0.0;0.9849137931034484;0.01508620689655172;0.02305097451274363;0.4206334332833584;0.556315592203898;0.02314467766116942;0.0;0.0;0.01349325337331334;0.01058845577211394;0.3143740629685157;0.6615442278860569;0.0;0.0;0.0;0.0;0.985850824587706;0.01414917541229385;0.8826836581709145;0.0;0.01711924439197167;0.1094057457693821;0.0;0.0232383808095952;0.0;0.0;0.1212180940179363;0.8538484281068296;0.0;0.0
TOTO;1;11/08/2010 00:00;24/09/2011 00:00;15.0;B;0.4440632861322734;0.3680228070175439;10.111223458038422;0.0;0.0339425587467363;0.0;0.3996009915783754;1.049751243781094;0.4858270169245146;0.1031941031941032;0.09531720485930847;0.0;0.3325719032291559;0.03063596027889288;0.0;1;0.0;0.04337424589140836;0.03914442944657876;0.3106634825044128;0.0;0.04360917869380127;0.0;0.3506385629737306;0.605752258332468;0.0;0.9692659121586544;0.03073408784134565;0.04412833558301318;0.4763783615408577;0.4794933028761292;0.04423216696085557;0.0;0.0;0.01266742809677084;0.03198006437545426;0.3778423839684353;0.5775101235593396;0.0;0.0;0.0;0.0;0.981621846121898;0.01837815387810196;0.9657356453120132;0.0;0.02250396196513471;0.07585842577918647;0.0;0.03955975495794829;0.0;0.0;0.2422353686879357;0.7201563490386647;0.0;0.0
TOTO;1;23/12/2011 00:00;19/07/2014 00:00;15.0;A;0.4440632861322734;0.2943383867276888;32.33213064055105;0.03635496183206107;0.1165714285714286;0.001142666962502774;0.3072398491235855;1.442306818181818;0.509780534351145;0.08646188850967007;0.0346851145038168;0.0;0.01552053486150907;0.03683385579937304;1.464317510894522;1;0.0;0.02695443645083933;0.0491412213740458;0.4393129770992367;0.0;0.04833015267175573;0.0;0.4665553435114504;;0.04327290076335878;0.9055343511450382;0.05119274809160305;0.05873091603053435;0.6372137404580153;0.3040553435114504;;0.0;0.0;0.03979007633587786;0.06159351145038167;0.4708492366412214;0.4277671755725191;0.0;0.0;0.009541984732824428;0.01359732824427481;0.9141698473282442;0.02633587786259542;0.8623371665791859;4.894762604013705e-05;0.03641703377386197;0.1680861478218307;0.0;0.04685114503816794;0.0;0.0;0.3702488244514107;0.5821904388714734;0.0;0.0
TOTO;1;08/10/2014 00:00;27/05/2017 00:00;18.125;A;0.4440632861322734;0.2972397762345679;41.79529802897174;0.05415739037847257;0.1747685185185185;7.218757218757218e-07;0.4982523388773389;1.703196347031964;0.3277340245239757;0.16;0.02944020110219472;0.0;0.07517072927570909;;9.261458085965328;1;0.006348095571328601;0.02139358192542237;0.06840375132940152;0.2541332302040027;0.0;0.06250604273421638;0.0;0.2692158948080828;0.6682780624577008;0.06215731233177151;0.8877479812580998;0.0500947064101286;0.06395629894614717;0.3404718166876148;0.5955718843662379;;0.0;0.0;0.04795513874117761;0.06564826452673306;0.1907086918688969;0.6956879048631925;0.0;0.0;0.01180911818797793;0.1918013745039203;0.7306649888684542;0.01147033201045397;0.7381320699990331;0.0;0.04123561829256502;0.1235134873827709;0.0;0.06347288020883689;0.0;0.0;0.4442618195881272;0.4835637629314512;0.0;0.0
TOTO;1;25/10/2017 00:00;10/11/2018 00:00;37.625;A;0.4440632861322734;0.2311388140161725;14.202993554026003;0.0002243158366980709;0.2830188679245283;0.0;0.8493493712411153;1.235376344086022;0.06216457960644008;0.06182795698924731;;0.0;0.2994969256567915;;4.50671910848902;1;0.003140069530111024;0.01693394639452731;0.05287279230941203;0.02962217750950145;0.0;0.05331991951710262;0.0;0.03688799463447352;0.909792085848424;0.0;0.9484685893136596;0.05153141068634026;0.05321408608160984;0.2128563443264393;0.7339295695919508;;0.0;0.0;0.03588195841716969;0.0185557791191594;0.02101497876145764;0.9245472837022132;0.0;0.0;0.0;0.9082548227904891;0.07738896366083446;0.01413189771197846;0.9278926774734488;0.0;0.04717719396310788;0.04918949133594186;0.0;0.05500279485746227;0.0;0.0;0.5284516489659027;0.4173281162660704;0.0;0.0
TOTO;2;17/01/2008 00:00;23/05/2009 00:00;29.375;B;0.4582845558589381;0.2763860294117647;76.11637347767252;0.09003299183886093;0.0273109243697479;0.002674966827588154;0.2005731063493408;1.137763713080169;0.5888647237929534;0.1331967213114754;;0.0;0.1517181383210091;0.02714223575467595;2.1143437077131257;0;0.003525373411262641;0.004267557287317932;0.0644209064073624;0.4352318110783122;0.0;0.06502865080743185;0.0;0.4931411703420733;0.4418301788504949;0.09597146088923693;0.8508657443661359;0.05316279474462717;;0.476732071540198;0.4534641430803959;;0.0;0.0;0.09064073623893038;0.06676506337905888;0.3722868553568328;0.470307345025178;0.0;0.0;0.01823233200208369;0.718961625282167;0.1451640909880187;0.0276089598888696;0.6210279562424031;0.001391909525880818;0.04897781644193128;0.08334058286211396;0.0;0.05863418877772945;0.0;0.0;0.1371030882992605;0.8088734232274902;0.0;0.0
TOTO;2;30/12/2010 00:00;03/08/2013 00:00;10.0;B;0.4582845558589381;0.3273527904328019;48.66743916570104;0.02140252852881292;0.04214123006833713;0.00139775010633461;0.3185938897933442;1.210592255125285;0.4989346086462427;0.1742081447963801;;9.47014536673138e-05;0.06562810739144846;0.02946191739295188;2.8968713789107756;1;9.49622525046294e-05;0.0339015241441527;0.0487712486386666;0.3462758653345329;0.0;0.05151759079501871;0.0;0.4292816894739334;0.5192007197310479;0.03224584497372034;0.9311993939106964;0.03655476111558312;;0.5547611155831242;0.3919693167290118;;0.0;0.0;0.03073062171504333;0.1145887589374497;0.7266916047161324;0.1279890146313746;0.0;0.0;0.01183768170841422;0.8716321795539561;0.08030683270988209;0.01482077749893461;0.5329324305128084;0.0;0.03556039585207633;0.05961456508357402;0.0;0.03915905109143426;0.0;0.0;0.1539882531261841;0.8021978021978022;0.0;0.0
TOTO;2;08/11/2013 00:00;16/07/2016 00:00;16.25;C;0.4582845558589381;0.263665012862918;70.30346177805464;;0.2601984564498346;0.016204391963641;0.5270080278639085;1.493674367436744;0.3367637599926491;0.0954994511525796;0.01157768997519066;0.0001378296425617936;0.06000183772856749;0.03102453102453102;5.673222390317701;1;0.002261086244289604;0.01490471136541923;0.07084443627676193;0.2614168887255353;0.0;0.07116603877607278;0.02379858494900304;0.2825507672516769;0.6224846090232473;0.06092070201231278;0.8818340531103556;0.05724524487733162;;0.3288155839382523;0.5993751722870532;;0.0;0.0;0.06850762727439809;0.1135361146848006;0.7840011027384672;;0.0;0.0;0.01987303339773668;0.8384856012512649;0.06104517434906615;0.03289171036893918;0.3390719941078991;0.0;0.05767844268204757;0.05066089882239847;0.0;0.0633556923642378;0.0;0.0;0.06262626262626263;0.8746031746031746;0.0;0.0
TOTO;2;11/10/2016 00:00;25/05/2019 00:00;29.0;B;0.4582845558589381;0.3135868248772504;12.460721638314011;5.566688933422401e-05;0.2097560975609756;0.0001576301720130172;0.5136106752673175;2.023517017828201;;0.1446945337620579;0.007997778394890308;0.0003345787096414432;0.1135894719232699;0.02412329685056958;7.72022971069455;1;0.0006703536115300823;0.03491425060052511;0.03553384043084781;0.07395480539670203;0.0001672893548207216;;0.0;;0.8619732385764255;0.0;0.9729054466714784;0.02709455332852146;;0.1466096518020769;0.8176264785916588;0.03667618567668962;0.0;5.55216256731997e-05;0.02431847204486148;0.02231969352062628;0.7421020487479874;;0.0;0.0;5.566688933422401e-05;0.9564128256513026;0.03273213092852372;0.01063237586283678;0.1298044878915796;0.0;0.02715058259463678;0.02480905391091041;0.0;0.03448658854889765;0.0;0.0;0.02060531605986152;0.9440473531382624;0.0;0.0
LOLA;1;06/10/2010 00:00;18/02/2012 00:00;10.0;C;0.3524820775511683;0.3207637474541752;55.17010783248349;0.08241197482565063;0.05761316872427984;0.003430269699747243;0.2439782795878121;1.235670731707317;;0.06707317073170732;0.02491920394624936;0.0;0.6465883954398502;0.03518326417704011;5.2244420295912395;1;0.0;0.05161069811159532;0.056387140670182;0.3839938765096105;0.0;;0.0;;0.3575437999659806;0.09168225888756593;;0.04873277768327947;0.06956965470318081;0.5241537676475589;0.4062765776492601;0.07458751488348359;0.0;0.0003401939105290015;0.07458751488348359;0.06506208538867155;0.3031978227589726;0.5568123830583432;0.0;0.0;0.01888076203435958;0.8452117707093043;0.04864772920564722;0.004847763225038272;0.8393434257526791;0.0;0.04752441026527262;0.2192171433509029;0.0;0.07161081816635483;0.0;0.0;0.3565871369294606;0.5860131396957123;0.0;0.0
LOLA;1;17/06/2012 00:00;14/02/2015 00:00;16.25;D;0.3524820775511683;0.2739437577255872;51.98440467859642;0.0001027326895418122;0.3241279069767442;0.01054624430251332;0.5263770414505551;2.233843329253366;;0.1101591187270502;0.02383398397370043;0.0;0.4269570577357715;0.04079388353581902;4.018712741838413;1;0.001443298969072165;0.01412371134020619;0.06996096157797413;0.1215327717279639;0.0;;0.0;;0.7291452640230122;0.003390178754879803;;0.064002465584549;0.07078507078507079;0.2618790218790219;0.6673359073359073;0.07211834805835217;0.0;5.13663447709061e-05;0.04417505650297925;0.03071707417300185;0.1313951099239778;0.7936613930552702;0.0;0.0;0.01078693240189028;0.9022498459009656;0.0664680501335525;0.02039243887404972;0.9248510376001644;0.0;0.05663680362475543;0.05061270723921326;0.0;0.07258064516129033;0.0;0.0;0.157624633431085;0.7800062840385421;0.0;0.0
LOLA;1;14/06/2015 00:00;28/05/2016 00:00;24.28983671132193;D;0.3524820775511683;0.2723318713450293;10.819908631882663;0.0;0.5392156862745098;0.0002527061445399554;0.8031458930276982;1.840579710144927;;0.1345029239766082;0.0417225814322313;0.0;0.6202099096900171;0.06050020958502165;10.62173994791785;1;0.0001223840411210378;0.01688899767470322;0.03891667683298768;0.03489081371233378;0.0;;0.0;0.1411492009271685;0.8193241429791387;0.0;;0.04050262291082103;0.03928266438941076;0.1994632182505795;0.7612541173600098;0.03928266438941076;0.0;0.001830831197363603;0.01147320883681191;0.02807274502624191;0.0461369461735628;0.9124862687660198;0.0;0.0;0.0;0.956139279169212;0.04227244960293219;0.001221747098350641;0.9438819080151276;0.0;0.04326450344149459;0.05776794493608652;0.0;0.05160424545565451;0.0;0.0;0.03800475059382423;0.8992594662568115;0.0;0.0
LOLA;1;25/10/2016 00:00;17/02/2018 00:00;33.125;D;0.3524820775511683;0.3145061728395062;25.73389248951582;0.0;;0.006197378699765646;0.6041735381766629;1.525626535626535;;0.4117647058823529;0.02637267617812365;0.0;0.683400551899809;0.01691080147671788;7.624857033930613;1;0.0;0.0106951871657754;0.03679862675678575;0.08411114687265314;0.0;0.03696056163534999;0.0;0.2285773281024158;0.7344621102622342;0.0;0.9633491637414826;0.03665083625851745;0.03957987838584853;0.2139303482587065;0.746489773355445;0.0377864959735701;0.0;0.0;0.02450926028612621;0.0150826217145392;0.116335810136409;0.8440723078629255;0.0;0.0;0.0;0.9691323380850824;0.02503086766191492;0.005836794253002582;0.9666237389997854;0.0;0.0307171362921756;0.04946184544684968;0.0;0.04583861427967892;0.0;0.0;0.07645587709896391;0.8954388472073359;0.0;0.0
LOLA;1;21/04/2018 00:00;11/05/2019 00:00;41.125;D;0.3524820775511683;0.3122568728522337;3.3715441672285906;0.0;;0.0;0.3638672438672439;1.795952380952381;0.02261871312166339;0.3208191126279863;0.0193420866864323;0.0;0.5691860465116279;0.0758539109862487;3.6525061811643074;1;0.0;0.02270469703419895;0.07522497187851518;0.007592800899887514;0.0;0.0754425400393369;0.0;0.03090755830289408;0.893649901657769;0.0;0.92469794886204;0.0753020511379601;0.07592800899887514;0.155511811023622;0.7685601799775028;0.07502107333520652;0.0;0.0;0.00703037120359955;0.06805399325084363;0.003233970753655793;0.9216816647919012;0.0;0.0;0.0;0.9273059617547806;0.07128796400449944;0.00140607424071991;0.9324920176372208;0.0;0.08866222047861906;0.01785013730874853;0.0;0.07550618672665918;0.0;0.0;0.003400857607570605;0.91867514416679;0.0;0.0
LOLA;2;25/08/2008 00:00;31/10/2009 00:00;16.25;D;0.4548663236444941;0.2963981606860754;19.214141608223652;0.64298551643937;;0.001988298453724242;0.3173240749670492;2.128470588235294;0.4648483654982277;0.002369668246445498;0.08617293677368525;0.0;0.2272231585208684;0.02087847153831002;0.0;0;0.001911276531536063;0.09395433055024643;0.03693125861729368;0.2913137679732125;0.0;0.02973318893374028;0.0;0.292999901545732;0.6772669095205277;0.07828655834564252;0.9006400787789266;0.02107336287543082;0.03526051413375357;;0.5152171771890082;0.03741630563213864;0.0;0.0;0.03831002560567263;0.06844593263738429;0.1927319283041166;0.7005121134528265;0.0;0.0;0.3457025055502696;0.008246114811290834;0.003065863199069669;0.0;0.1359952559794425;0.0;0.01979515461886941;0.140338782745716;0.0;0.02767654880330937;0.0;0.0;0.1627929879850305;0.8106165058105179;0.0;0.0
LOLA;2;28/01/2013 00:00;12/04/2014 00:00;18.125;B;0.4548663236444941;0.3056870993589744;8.779631255487269;0.01311311311311311;;0.0;0.5317623793703528;1.519975961538461;0.3948424643788882;0.1366906474820144;0.03973973973973974;0.0;0.2674942436680348;0.01477518787415616;;1;0.0001004217714400482;0.05784294034946776;0.01871871871871872;0.1011011011011011;0.0;0.01881881881881882;0.0;0.1837837837837838;0.7973973973973973;0.01331331331331331;0.972972972972973;0.01371371371371371;0.01861861861861861;;0.6890890890890891;0.01886413806943608;0.0;0.0;0.01041041041041041;0.01141141141141141;0.06666666666666668;0.9115115115115116;0.0;0.0;0.1582582582582583;0.8158158158158159;0.01061061061061061;0.002202202202202202;0.706006006006006;0.0002540973192732816;0.01334010926184729;0.02299580739423199;0.0;0.01822004204625088;0.0;0.0001273723092599669;0.02496497261495351;0.9559291809960516;0.0;0.0
LOLA;2;27/06/2014 00:00;18/02/2017 00:00;23.125;B;0.4548663236444941;0.2675029535864979;76.21951219512195;0.046584179357022;;0.02579889985206888;0.01358381087796401;2.113321167883212;0.9080526315789472;0.220959595959596;0.01957997789357334;5.300540655146825e-05;0.4412170041344217;0.02781420765027322;;1;0.03804203245544028;0.03187017823889332;0.06979314700773727;0.3479656824043371;0.0;0.06900363177009318;0.0;0.383493868098321;0.5475025001315859;0.05089741565345544;0.889678404126533;0.05942418022001158;0.06968787830938471;;0.4565503447549871;0.07173684210526315;0.0;0.0;0.069072708113804;0.04715489989462592;0.2568493150684932;0.6269230769230769;0.0;0.0;0.6152707275803723;0.284263959390863;0.05240059221658207;0.001321912013536379;0.6183378976195492;0.0;0.06162924110801508;0.1885483254111348;0.0;0.07068793094373388;0.0;0.0;0.2565027322404372;0.6749726775956284;0.0;0.0
TOTO;1;23/12/2011 00:00;19/07/2014 00:00;15.0;A;0.4440632861322734;0.2943383867276888;32.33213064055105;0.03635496183206107;0.1165714285714286;0.001142666962502774;0.3072398491235855;1.442306818181818;0.509780534351145;0.08646188850967007;0.0346851145038168;0.0;0.01552053486150907;0.03683385579937304;1.464317510894522;1;0.0;0.02695443645083933;0.0491412213740458;0.4393129770992367;0.0;0.04833015267175573;0.0;0.4665553435114504;;0.04327290076335878;0.9055343511450382;0.05119274809160305;0.05873091603053435;0.6372137404580153;0.3040553435114504;;0.0;0.0;0.03979007633587786;0.06159351145038167;0.4708492366412214;0.4277671755725191;0.0;0.0;0.009541984732824428;0.01359732824427481;0.9141698473282442;0.02633587786259542;0.8623371665791859;4.894762604013705e-05;0.03641703377386197;0.1680861478218307;0.0;0.04685114503816794;0.0;0.0;0.3702488244514107;0.5821904388714734;0.0;0.0
TOTO;1;08/10/2014 00:00;27/05/2017 00:00;18.125;A;0.4440632861322734;0.2972397762345679;41.79529802897174;0.05415739037847257;0.1747685185185185;7.218757218757218e-07;0.4982523388773389;1.703196347031964;0.3277340245239757;0.16;0.02944020110219472;0.0;0.07517072927570909;;9.261458085965328;1;0.006348095571328601;0.02139358192542237;0.06840375132940152;0.2541332302040027;0.0;0.06250604273421638;0.0;0.2692158948080828;0.6682780624577008;0.06215731233177151;0.8877479812580998;0.0500947064101286;0.06395629894614717;0.3404718166876148;0.5955718843662379;;0.0;0.0;0.04795513874117761;0.06564826452673306;0.1907086918688969;0.6956879048631925;0.0;0.0;0.01180911818797793;0.1918013745039203;0.7306649888684542;0.01147033201045397;0.7381320699990331;0.0;0.04123561829256502;0.1235134873827709;0.0;0.06347288020883689;0.0;0.0;0.4442618195881272;0.4835637629314512;0.0;0.0
TOTO;1;25/10/2017 00:00;10/11/2018 00:00;37.625;A;0.4440632861322734;0.2311388140161725;14.202993554026003;0.0002243158366980709;0.2830188679245283;0.0;0.8493493712411153;1.235376344086022;0.06216457960644008;0.06182795698924731;;0.0;0.2994969256567915;;4.50671910848902;1;0.003140069530111024;0.01693394639452731;0.05287279230941203;0.02962217750950145;0.0;0.05331991951710262;0.0;0.03688799463447352;0.909792085848424;0.0;0.9484685893136596;0.05153141068634026;0.05321408608160984;0.2128563443264393;0.7339295695919508;;0.0;0.0;0.03588195841716969;0.0185557791191594;0.02101497876145764;0.9245472837022132;0.0;0.0;0.0;0.9082548227904891;0.07738896366083446;0.01413189771197846;0.9278926774734488;0.0;0.04717719396310788;0.04918949133594186;0.0;0.05500279485746227;0.0;0.0;0.5284516489659027;0.4173281162660704;0.0;0.0
TOTO;2;17/01/2008 00:00;23/05/2009 00:00;29.375;B;0.4582845558589381;0.2763860294117647;76.11637347767252;0.09003299183886093;0.0273109243697479;0.002674966827588154;0.2005731063493408;1.137763713080169;0.5888647237929534;0.1331967213114754;;0.0;0.1517181383210091;0.02714223575467595;2.1143437077131257;0;0.003525373411262641;0.004267557287317932;0.0644209064073624;0.4352318110783122;0.0;0.06502865080743185;0.0;0.4931411703420733;0.4418301788504949;0.09597146088923693;0.8508657443661359;0.05316279474462717;;0.476732071540198;0.4534641430803959;;0.0;0.0;0.09064073623893038;0.06676506337905888;0.3722868553568328;0.470307345025178;0.0;0.0;0.01823233200208369;0.718961625282167;0.1451640909880187;0.0276089598888696;0.6210279562424031;0.001391909525880818;0.04897781644193128;0.08334058286211396;0.0;0.05863418877772945;0.0;0.0;0.1371030882992605;0.8088734232274902;0.0;0.0
LOLA;2;17/05/2017 00:00;26/05/2018 00:00;23.73750114440918;B;0.4548663236444941;0.2549957627118644;34.30111478623055;0.0;;0.00846145276292335;0.09061942959001784;2.67445945945946;0.8389014722536806;0.3569023569023569;0.04341677273370103;0.008485362749257529;0.04681091783340405;0.01403965841655811;;2;0.001136363636363637;0.008238636363636363;0.02573893367274784;0.2595106774147928;0.0;0.02633069082672706;0.0;0.2944507361268403;0.6792185730464326;0.0;0.9760758776896942;0.02392412231030578;0.0265874699476736;0.3545467402064771;0.6188657898458493;0.0268969422423556;0.0;0.0;0.01643525077925758;0.01048455653159536;0.2064324171153301;0.7666477755738169;0.0;0.0;0.6184837545126354;0.3591335740072202;0.02122743682310469;0.0001444043321299639;0.9626644039032668;0.0;0.0251808972503618;0.2030390738060781;0.0;0.02772277227722773;0.0;0.0;0.2257924446374295;0.7474308872485165;0.0;0.0
LOLA;3;22/04/2011 00:00;01/10/2013 00:00;13.125;B;0.5184446837616147;0.2540675844806007;29.202315692402276;0.01944069030044703;0.5433962264150943;0.001384222968769441;0.6620419621749409;1.550099626400996;0.2028586278586278;0.3795255930087391;0.02975850428460141;0.0002598752598752599;0.5286902286902286;0.02731896596927272;;1;0.02972210614291684;0.01342457166736314;0.04417566445182725;0.1722383720930233;0.0009355509355509355;0.04427948504983389;0.0;0.1802844684385382;0.7754360465116279;0.03114617940199335;0.9302844684385382;0.03856935215946844;0.04611789145676448;0.2974811737211114;0.6564009348221241;0.04464656964656965;0.0;0.0;0.02325581395348837;0.05398671096345515;;0.7823401162790697;0.0;0.0;0.01143570017673355;0.009408462418130785;0.9402744568042416;0.01944069030044703;0.9215635382059799;0.0;0.03121889895762401;0.02163323031795087;0.0;0.04022869022869023;0.0;0.0;0.0557915159142153;0.9073462324996068;0.0;0.0
LOLA;3;13/01/2014 00:00;24/09/2016 00:00;21.25;A;0.5184446837616147;0.3219421241050119;18.849728213221113;0.01672092335010358;0.222488038277512;0.002744052906919357;0.5610192196511414;1.512465721040189;;0.4177514792899408;0.0188837392762055;4.931939238508582e-05;0.5750147958177155;0.02842151289899432;4.657636331755217;1;4.953683063357606e-05;0.04195769554663892;0.04200769154915689;0.3791046247904546;0.0;0.04205699635144463;0.0;0.3249186470762252;;0.02874469973375406;0.9382210827334584;0.03303421753278769;0.04076987778932265;0.473455049230617;;0.04158650288589611;0.0;0.0;0.0230253426683759;0.04999506951977123;;0.6898234888078099;0.0;0.0;0.01346552234388872;0.03936075762059781;0.912696063924238;0.01775673276117195;0.9195226589082302;0.0008191797280323302;0.02823439462618098;0.01993337338212004;4.930480228774282e-05;0.03865496499359038;0.0;0.000765194578049847;0.04066462614779186;0.9188893747267162;0.0;0.0
LOLA;3;19/12/2016 00:00;20/07/2019 00:00;31.875;A;0.5184446837616147;0.2649748727735369;7.180469123982767;;0.1098191214470284;0.0;0.4101461122648874;1.123960559796437;;0.4430379746835443;0.02120122660463149;0.0003173092178327781;0.6404357713258236;0.01536240254114929;0.1196744853997128;1;0.0006392499467291711;0.01267845727679523;0.05186634239187903;0.1460293962144443;0.0;0.0492756688167495;0.0;0.1908110394416834;;0.105794649466004;0.8725811568150577;0.02162419371893836;0.04893920956563145;0.22459129146606;;0.04906418525959606;0.0;0.0001588225951612049;0.06998782360103764;0.0708348774418974;;0.007358780242469162;0.0;0.0;0.2984229466553768;0.5801227773073666;0.01381244707874682;0.005450889077053345;0.7145500687321561;0.003176803558019985;0.01819442037775083;0.01501761681973084;0.0;0.0457433290978399;0.0;0.00311868322263933;0.02217730291654635;0.951140629511984;0.0;0.0
LOLA;4;12/10/2011 00:00;20/02/2016 00:00;10.0;A;0.4172526396408762;0.2851205239599789;57.84830171605856;;0.5360824742268041;0.00493164786655849;0.459455887356382;1.526756692913386;0.3441883437602898;0.3369905956112852;0.02292716671607866;0.0;0.6963797476694008;0.02576351596217837;9.897230391364767;1;0.0005961646739310436;0.02255489683039115;0.05277201304476727;0.2807919096089864;0.0;0.05326613301709656;0.0;0.3209473926936127;;0.0124518233026979;0.9445597391046546;0.0429884375926475;0.05415554896728926;0.2833613334650987;0.6624831175676121;0.0534408956206783;0.0;9.882399446585633e-05;0.03080014494185855;0.03007543564910894;0.1566030898968936;0.782422505517673;0.0;0.0;0.9216984550515532;0.03620252330599203;0.02529894258325922;0.002272951872714695;0.9208419804328491;6.588266297723754e-05;0.04249431762031821;0.04252725895180683;3.294133148861877e-05;0.05102612247587048;0.0;6.589134517181169e-05;0.1900965308206767;0.7586070569630678;0.0;0.0
LOLA;4;04/06/2016 00:00;05/08/2017 00:00;40.625;B;0.4172526396408762;0.2439393939393939;15.766653527788726;0.0814555633310007;0.2869955156950673;0.002561475409836065;0.4708414650013011;0.8008187919463087;0.2649405178446466;0.5418060200668896;0.07767669699090272;0.0;0.467739678096571;0.03498950314905528;1.6013007489160431;1;0.000140686550365785;0.009848058525604952;0.05066480055983205;0.2320503848845346;0.0;0.0509447165850245;0.0;0.2282715185444367;0.7207837648705389;0.07305808257522743;0.8855143456962911;0.04142757172848147;0.05052484254723583;0.2397480755773268;0.7097270818754373;0.0509447165850245;0.0;0.0;0.02029391182645206;0.09167249825052484;0.07249825052484253;0.8155353393981806;0.0;0.0;0.8250524842547236;0.07109867039888032;0.02071378586424073;0.001679496151154654;0.8548432250839866;0.0002799160251924423;0.04198740377886634;0.09195241427571728;0.0;0.05080475857242827;0.0;0.0001399580125962211;0.1990202939118265;0.7500349895031491;0.0;0.0
LOLA;4;20/09/2017 00:00;19/01/2019 00:00;30.86249923706055;C;0.4172526396408762;0.2614758713136729;93.54365370506237;0.0001113709767234659;0.08011049723756906;0.03209601371624518;0.3924903557651093;1.223874331550802;0.315929793379249;0.3146666666666667;0.06281323087203475;0.0;0.8204413731609451;0.02984742176188885;0.3553748743025033;2;0.0141994633273703;0.01453488372093023;0.1112596057467424;0.2942421205033968;0.0;0.1120392025838067;0.0;0.3023722018042098;0.5855885956119835;0.0;0.8935293462523667;0.1064706537476334;0.110925492816572;0.3618443033745406;0.5272302038088874;0.1148633636969563;0.0;0.0;0.0825258937520882;0.03040427664550618;0.04599621338679141;0.8410736162156142;0.0;0.0;0.8583361176077514;0.0508965363626239;0.08508742621672792;0.005457177859449827;0.8772691836507406;0.0;0.1065820247243568;0.1013475888183539;0.0;0.1143779930949994;0.0;0.0;0.2700746185544047;0.6156587593273193;0.0;0.0
VET;1;16/07/2008 00:00;05/09/2009 00:00;10.0;B;0.7661043188068992;0.2466183574879227;13.818516812528788;0.0;0.3568075117370892;0.0;0.2617104033119658;1.182993119266055;0.2988769472285956;0.0;0.08049046983124925;0.006037918125830214;0.3394517570341746;0.04527101431542885;0.0;0;0.2748580403527848;0.01945149208650477;0.06569254920903272;0.2639777804612969;0.0;0.06822847482188142;0.0;0.320734210844101;0.6110373143340176;0.0;0.9446926699673952;0.05530733003260476;0.0623113150585678;0.214829126917039;0.7228595580243932;0.06738316628426519;0.0;0.0;0.01461176186450912;0.050960028982007;0.1904359376886849;0.7439922714647991;0.0;0.0;0.0;0.9385743174924166;0.0551061678463094;0.006319514661274014;0.9511723471114334;0.0;0.0391341567812156;0.2294239941298765;0.0;0.06846999154691462;0.0;0.0;0.2265997797626331;0.7213997308209961;0.0;0.2093023255813954
VET;1;29/01/2010 00:00;21/07/2012 00:00;10.0;C;0.7661043188068992;0.2573978260869565;40.542569698183094;0.0;0.015;0.000212030421756165;0.4248697856648997;1.394592865928659;0.428919409173361;0.00980392156862745;0.09103634195655556;0.2226483544959834;0.04332728686188132;0.02985074626865672;2.5026277591471042;0;0.1142575592552253;0.04330688242311084;0.05032391811350091;0.3393107022544701;0.1350608966053382;0.05177507126198497;0.0;0.4332728686188132;0.5149520601192019;0.0;0.9522155998963462;0.0477844001036538;0.05006478362270018;0.2900751490023322;0.6598600673749676;0.05156776366934439;0.0;0.0;0.0281420057009588;0.02244104690334284;0.1629955947136564;0.7864213526820419;0.0;0.0;0.0;0.9397253174397512;0.04654055454781032;0.01373412801243846;0.9496242549883388;5.20047844401685e-05;0.04592022466066878;0.3481720318269281;0.0;0.05411008603710998;0.0;0.0;0.3348588070102449;0.6165167195381975;0.0;0.08375
VET;1;11/11/2012 00:00;11/04/2015 00:00;15.0;D;0.7661043188068992;0.3170644337684312;63.93342804952304;0.0;0.04585987261146497;0.0004248845165460594;0.5432609689574169;0.8287166454891995;0.2831207325464458;0.01142131979695431;0.1613022763366861;0.0687556237760017;0.0;0.05429090520465962;4.289721304621804;0;0.000531575590048905;0.04603444609823517;0.0896628380881808;0.2274387339226168;0.5595193987191023;0.09103900915683057;0.0;0.2780924151802255;0.630868575662944;0.0;0.9256867622929128;0.07431323770708728;0.0892016295434104;0.2046981641183006;0.7061002063382891;0.09066850156142486;0.0;0.0;0.02911131106759117;0.05891070766950723;0.09373842163764357;0.8182395596252581;0.0;0.0;5.29829394934831e-05;0.8089435201865;0.1721945533538201;0.0188089435201865;0.9020645844362096;0.0001068718606390937;0.05188628834028;0.1722774393502191;0.0;0.09167416503466892;0.0;0.0001068718606390937;0.1544832745538099;0.7708667307897831;0.0;0.04225352112676056
VET;1;10/07/2015 00:00;07/04/2018 00:00;23.45418274714865;B;0.7661043188068992;0.3113355683269476;16.20335206845916;5.346164127238706e-05;0.2020725388601036;0.0;0.5917747837658017;0.627954;0.1719199233308487;0.005108556832694764;0.03497436992738146;0.1454584176339048;0.0002129698647641359;0.0455109863413054;2.048618792268647;0;0.001764234161988773;0.0363539160652232;0.06250665530827387;0.1304440421680332;0.460760302417208;0.06437014162496006;0.0;0.1679799808327122;0.7676498775423277;0.0;0.9487807475242254;0.05121925247577468;0.06371904448827526;0.1077142230988385;0.8285667324128863;0.06277286763922905;0.0;0.0;0.02188498402555911;0.03876464323748668;0.07667731629392971;0.8626730564430245;0.0;0.0;0.006575781876503609;0.5890938251804331;0.3955092221331195;0.008767709168671478;0.930241226902391;0.0;0.0493387314439946;0.01927125506072874;0.0;0.05588407650098556;0.0;0.0;0.04632079036873077;0.8992063920531231;0.0;0.08333333333333333
VET;2;15/12/2008 00:00;17/04/2010 00:00;11.14999979734421;C;0.9289047452362412;0.1822030542986425;103.93609854681937;0.0554489639293937;0.1739130434782608;0.0004383343295477187;0.2957063159992031;1.160612244897959;0.5111214953271028;0.002237136465324385;0.2669577874818049;0.01775700934579439;0.4310280373831776;0.08252063015753938;1.90068347864093;0;0.5824737389987698;0.01665562600548879;0.1189719626168225;0.4691588785046729;0.0;0.1194392523364486;0.0;0.4664485981308411;0.4141121495327103;0.07177570093457944;0.8033644859813084;0.1248598130841121;0.1164485981308411;0.3530841121495327;0.5304672897196262;0.1202803738317757;0.0;0.0;0.07401869158878505;;0.2224299065420561;0.5857943925233645;0.0;0.0;0.02791634689178818;0.4098234842670759;0.4659439754412894;0.0408672294704528;0.7947806566270695;0.0;0.103066679170965;0.1842820969708337;0.0;0.1226168224299066;0.0;0.0;0.3184546136534134;0.5658289572393098;0.0;0.06802721088435375
VET;2;21/07/2010 00:00;16/02/2013 00:00;13.125;D;0.9289047452362412;0.3112602758321116;74.58537941258223;0.04197601370645346;0.0196078431372549;0.0002486901335694782;0.3753486827540403;0.9870592930444696;0.4649969107932133;0.024;0.1307447364668979;0.1870158262439998;0.0274701772729433;0.05309987153256887;2.110218572181478;0;0.07367218732153055;0.051304016752332;0.09241222026892194;0.4081341758920512;0.3227983460862126;0.09060243253515772;0.0;0.4404694032687192;0.4689281641961232;0.04510241908654532;0.873057364193717;0.08184021671973765;0.08141248039541847;0.3272182881041776;0.591369231500404;0.09353167625112876;0.0;0.0;0.06905565324841975;;0.2949479587472078;0.5742597785276365;0.0;0.0;0.01075575861412526;0.7612792689891491;0.1541500095183705;0.03179135731962688;0.8604153794971722;0.0;0.07164648679569073;0.212985031938221;0.0;0.09683090226635624;0.0;0.0;0.3505257648570205;0.5633058952276728;0.0;0.05855338691159587
VET;2;01/06/2013 00:00;22/08/2015 00:00;17.68011780991094;A;0.9289047452362412;0.2841449275362319;17.18305321376792;5.499340079190498e-05;0.03042328042328042;0.0;0.7170771756978653;0.7471660501981505;0.1545668730480521;0.005277044854881265;0.08706372253575148;0.4012930798312421;5.479151827297134e-05;0.0238255033557047;1.9169211137244588;0;0.0003297246798922899;0.01939880200032973;0.04449071283765274;0.1076653334063887;0.093693496246781;0.04503862802038244;0.0;0.1306777710810366;0.8242836008985809;0.0;0.953975124650704;0.04602487534929593;0.04388800613665005;0.05123006958522821;0.9048819242781218;0.04481946194729056;0.0;0.0;0.01550599967125089;0.03029970960495315;0.05769546874143883;0.8964988219823571;0.0;0.0;0.0;0.9515508139023318;0.04360976682798064;0.004784425868895732;0.949361538883104;5.60695262125035e-05;0.02382954864031399;0.03380992430613961;0.0;0.04658810633050151;0.0;5.592841163310962e-05;0.03926174496644296;0.9302013422818792;5.592841163310962e-05;0.02251655629139073
LINK;1;12/06/2008 00:00;03/09/2010 00:00;10.0;A;0.7238962067641892;0.2144755913978495;25.006650704974728;0.03725205611998065;0.3645970937912814;0.0007858411917452508;0.2921954011206779;1.971822997416021;0.5301295489974736;0.1780645161290323;0.08192667455112354;0.02608228018284485;0.2225329389620866;0.01382612438132128;0.0;0;0.06871758604431871;0.008663366336633664;0.02655485674353599;0.4234263290867065;0.0004302231782737295;0.02714615922163092;0.0;0.5206149545772187;0.4522388862011503;0.03891845401279363;0.9063054346073214;0.05477611137988497;0.02578873694411543;0.448207171314741;0.5260040917411435;0.02703864968015911;0.0;0.0;0.02746868784604634;0.06611836800516045;0.5250766005482986;0.3813363436004946;0.0;0.0;0.01139601139601139;0.922646884911036;0.02370585389453314;0.004999193678438961;0.5697468150298339;0.001075905105169724;0.01882833934047017;0.255258486201517;0.0;0.02570860001075674;0.0;0.001129761136216914;0.1589197331611792;0.8189692274585755;0.0;0.0
LINK;1;03/11/2010 00:00;24/03/2012 00:00;10.0;B;0.7238962067641892;0.2263531187122736;103.57971494862446;0.06657733858135835;0.04453441295546558;0.005865110672802981;0.27635053692746;1.242812676056338;;0.5191146881287726;0.1735198057114145;0.005359685118499288;0.4033163051670715;0.04601948270070541;0.0;0;0.02903307245645039;0.009930152318438105;0.07453312117913073;0.439242944477012;0.0;0.07712921865840383;0.0;0.6175362197470898;0.3053345615945063;0.0549367724646177;0.801189180135667;0.1438740473997153;0.07617531215955753;0.5470543869940501;0.3767703008463924;0.07696172849845072;0.0;0.0;0.07386316053931831;0.0906121765346286;0.6411523323004773;0.1943723306255757;0.0;0.0;0.05795159534377355;0.8056276693744242;0.06498618206180387;0.002679842559249644;0.5749937191190018;0.0005038206398522126;0.06809975648669074;0.2479637249139306;0.0;0.07637551293861486;0.0;0.0005038629492777963;0.1840779308028216;0.7415183070204904;0.0;0.0
LINK;1;22/07/2012 00:00;20/09/2014 00:00;10.0;C;0.7238962067641892;0.2210669563279858;44.55200484021781;0.001393611684040359;0.05227882037533512;0.007300457102672292;0.6213299929676512;1.50421481975968;;0.2315930388219545;0.01950975487743872;0.0474681785337113;0.2134956367072425;0.0251236729475849;0.0;0;0.04432833305241868;0.005281195572784989;0.04741259518648213;0.1702517925629481;0.0;0.04841309543660718;0.0;0.244344394419432;0.7072425101439609;0.0;0.9373575676727252;0.06264243232727475;0.04600902356152175;0.2195176293655657;0.7344733470729126;0.04885776221444056;0.0;0.0;0.03190484130954366;0.04268801067200267;0.8570396309265744;0.06836751709187927;0.0;0.0;0.003121690172250405;0.9309883494063216;0.05881041306650315;0.005685935670884665;0.3267056530214425;0.0008893335556667222;0.03885275971318993;0.05158134622866989;0.0;0.04852426213106553;0.0;0.001000500250125062;0.04346617753321105;0.9112333944750152;0.0;0.0
LINK;1;11/12/2014 00:00;01/07/2017 00:00;10.0;D;0.7238962067641892;0.2588027652370203;69.23148406281945;;0.3723041997729852;0.02224777812513956;0.6205878850133238;1.365842164599775;0.2693866013379817;0.3246899661781285;0.1896901381879923;0.02212681638044914;0.0183053406303076;0.02393291246584377;0.441408757770853;0;0.01036762258049175;0.011033433204927;0.05629887873362858;0.2154904362574201;0.0;0.05837180815980401;0.0;0.3058042023932913;0.6358239894469048;0.04998586639027608;0.8699707905399039;0.08004334306982003;0.05237173281703776;0.2533397870280736;0.6942884801548886;0.06044473758597946;0.0;4.711425206124853e-05;0.05616018845700824;0.09149587750294463;0.3566548881036514;0.4956419316843345;0.0;0.0;0.019400519235308;0.8708520179372198;0.0484304932735426;0.01085673825820156;0.3362389860057485;0.00164892113445774;0.04513332705172901;0.09040799020069726;0.0;0.05615754263638933;4.71120324130783e-05;0.001743145199283897;0.08776971638556487;0.8566851973994158;4.71120324130783e-05;0.0
VET;2;15/12/2008 00:00;17/04/2010 00:00;11.14999979734421;C;0.9289047452362412;0.1822030542986425;103.93609854681937;0.0554489639293937;0.1739130434782608;0.0004383343295477187;0.2957063159992031;1.160612244897959;0.5111214953271028;0.002237136465324385;0.2669577874818049;0.01775700934579439;0.4310280373831776;0.08252063015753938;1.90068347864093;0;0.5824737389987698;0.01665562600548879;0.1189719626168225;0.4691588785046729;0.0;0.1194392523364486;0.0;0.4664485981308411;0.4141121495327103;0.07177570093457944;0.8033644859813084;0.1248598130841121;0.1164485981308411;0.3530841121495327;0.5304672897196262;0.1202803738317757;0.0;0.0;0.07401869158878505;;0.2224299065420561;0.5857943925233645;0.0;0.0;0.02791634689178818;0.4098234842670759;0.4659439754412894;0.0408672294704528;0.7947806566270695;0.0;0.103066679170965;0.1842820969708337;0.0;0.1226168224299066;0.0;0.0;0.3184546136534134;0.5658289572393098;0.0;0.06802721088435375
VET;2;21/07/2010 00:00;16/02/2013 00:00;13.125;D;0.9289047452362412;0.3112602758321116;74.58537941258223;0.04197601370645346;0.0196078431372549;0.0002486901335694782;0.3753486827540403;0.9870592930444696;0.4649969107932133;0.024;0.1307447364668979;0.1870158262439998;0.0274701772729433;0.05309987153256887;2.110218572181478;0;0.07367218732153055;0.051304016752332;0.09241222026892194;0.4081341758920512;0.3227983460862126;0.09060243253515772;0.0;0.4404694032687192;0.4689281641961232;0.04510241908654532;0.873057364193717;0.08184021671973765;0.08141248039541847;0.3272182881041776;0.591369231500404;0.09353167625112876;0.0;0.0;0.06905565324841975;;0.2949479587472078;0.5742597785276365;0.0;0.0;0.01075575861412526;0.7612792689891491;0.1541500095183705;0.03179135731962688;0.8604153794971722;0.0;0.07164648679569073;0.212985031938221;0.0;0.09683090226635624;0.0;0.0;0.3505257648570205;0.5633058952276728;0.0;0.05855338691159587
LINK;2;21/08/2014 00:00;31/07/2015 00:00;10.78146804568659;D;0.5928394611099886;0.3360427663734116;87.62453486976354;;0.3067846607669616;0.01633155684754522;0.4428980943152455;1.182284457478006;0.4484781811514485;0.1906158357771261;0.01589047793668256;0.0001222344456667889;0.06417308397506417;0.02982520474269649;0.0;0;0.0;0.02528848514608397;0.06906246180173573;0.4827038259381494;0.0;0.06832905512773499;0.0;0.4394328321721061;0.4922381127001589;0.0;0.9418164038626085;0.05818359613739153;0.06628206701853442;0.5595924880324046;0.374125444949061;0.06832905512773499;0.0;0.0;0.04131524263537465;0.02542476469869209;0.2362791834739029;0.6969808091920303;0.0;0.0;0.004644908935337979;0.9366825571446034;0.05158293607138492;0.007089597848673756;0.9260481603715928;0.0;0.06771788289940105;0.5439432832172106;0.0;0.07651876298740985;0.0;0.0;0.4544676689891211;0.4747585869698081;0.0;0.0
LINK;2;27/09/2015 00:00;26/05/2018 00:00;10.0;B;0.5928394611099886;0.2490684523809524;79.42882641677822;;0.2950108459869848;0.01919224394147233;0.4598508230452675;1.264275081256772;0.4175774546111463;0.1829004329004329;0.01246499864510884;0.0001355380862022228;0.09293394777265744;0.03335020010120061;1.026327550969768;0;0.0002289901534234028;0.009297000228990151;0.08269352362026917;0.532291572577003;0.0;0.068241351278114;0.0;0.4098997380543763;0.5218589106675097;0.05943455875711318;0.8865504471140818;0.05401499412880498;0.0686860454586616;0.5024449877750611;0.4288689667662773;0.07208020955649896;0.0;0.0;0.0571312437900822;0.05275042904886641;0.2491644837864692;0.6409538433745823;0.0;0.0;0.4148758087137493;0.481789802289282;0.04890738813735692;0.003890874541917387;0.4568241351278114;0.0006442705936493327;0.06180395766221813;0.4248964565117349;0.0;0.08382259958450004;0.0;0.001288007728046369;0.4099084594507567;0.5181471088826533;0.0;0.0
ETC;1;20/05/2008 00:00;06/06/2009 00:00;28.31249976158142;C;0.4732735782112742;0.2803712534059946;8.788311545644293;0.0269109000452284;;0.0;0.3830715532286213;1.105519630484988;0.1139755766621438;0.1848958333333333;0.005319750990379174;0.0;0.5730438715513342;0.04927237309499255;0.0;1;0.008131328628413623;0.04173059220619822;0.05506558118498417;0.07225237449118048;0.0;0.05463182897862233;0.0;0.08664178260377785;0.8587263884175999;0.02487562189054726;0.9362279511533242;0.03889642695612845;0.05475732548930873;0.1348568842629257;0.8103857902477656;0.05540479421076436;0.0;0.0;0.02114427860696517;0.06377204884667571;0.1004070556309362;0.8146766169154229;0.0;0.0;0.3579828132066938;0.5863862505653551;0.02532790592492085;0.0033921302578019;0.1742424242424243;0.0;0.027621776504298;0.03117478510028653;0.0;0.03132066938037088;0.0;0.0;0.01042740918987052;0.9342271112638936;0.0;0.003105590062111801
ETC;1;02/10/2009 00:00;23/06/2012 00:00;27.5;D;0.4732735782112742;0.3338929347826087;11.027790030877812;0.1021575604702491;;0.0;0.2501821608040201;1.527662473794549;0.6535291203098961;0.1515463917525773;0.006359659014027332;0.1079945799457995;0.2971544715447155;0.009774334489437413;0.0;1;0.0007746992344148742;0.03021327014218009;0.03558398270348183;0.5321832349894149;0.2995031616982837;0.03274627269041935;0.0;0.5772262510697717;0.3900274762398089;0.1025179045988919;0.8821674699337868;0.01531462546732129;0.03606734979461021;0.576355346905611;0.3875773032997788;0.0437367686140264;0.0;9.008603216071348e-05;0.06414125489842801;0.05986216837079411;0.451015720012612;0.4248907706860051;0.0;0.0;0.08188820323408856;0.8031169767127607;0.008648259087428493;0.004189000495473177;0.7310481509841898;0.0;0.01288230259898203;0.06333048060898158;0.0;0.02031531531531532;0.0;0.0;0.1590468897797397;0.8256835277690194;0.0;0.00326797385620915
ETC;1;03/11/2012 00:00;04/04/2015 00:00;32.13750028610229;A;0.4732735782112742;0.3275862068965517;48.23470909995027;0.07318818358376776;0.3398773006134969;0.00540148974031905;0.5228476716902096;1.024504283965728;0.2930082796688133;0.001226993865030675;0.02640619391888428;0.007952796305797845;0.0004617752693689071;0.09604722792607803;0.0;2;0.0002581844469689146;0.0172467210575235;0.1284370847388327;0.242819176121844;0.8422267829656234;0.1252819356161575;0.0;0.2576378921468115;0.6170801722370309;0.0675107648144351;0.8618515480828378;0.07058642608160755;0.1239255014326647;0.3010130986492018;0.5750613999181334;0.127312685270367;0.0;0.0004599816007359706;0.1119288561790862;0.04880915874476132;0.202034140856588;0.6367167535520801;5.110906674844117e-05;0.0;0.6169375447204334;0.2436880302565675;0.06189307983236226;0.004242052540120617;0.4613851265014056;0.0;0.1023100616016427;0.03665297741273101;0.0;0.1058631089301232;0.0;0.0;0.1023613963039014;0.7757186858316222;0.0;0.003778337531486146
ETC;1;18/06/2015 00:00;23/09/2017 00:00;31.875;A;0.4732735782112742;0.315842803030303;9.44485255535733;0.0006709158000670916;0.002663115845539281;0.0;0.8229695048309179;0.6810146862483312;0.05215217995001389;0.009333333333333334;0.006784939658528446;0.01080178173719376;0.003229398663697105;0.01794828649952325;0.3279462692832407;2;5.638567803777841e-05;0.02954609529179588;0.02998833786860665;0.03792969400788582;0.8668708240534521;0.03015493974565447;0.0;0.04198367301604931;0.9278613872382964;0.0;0.9752318542788916;0.02476814572110846;0.02782415136338341;0.089259877573734;0.8829159710628826;0.03032490974729242;0.0;0.000666407508191259;0.01965902149164214;0.01188426722941078;0.0387627033931249;0.928972066418615;0.0;0.0;0.9552722799955272;0.02091020910209103;0.01537515375153752;0.006820977300682098;0.4627644804798134;0.0;0.01923400437391353;0.008243144731677228;0.0;0.02710358233823938;0.0;0.0;0.01076897189971395;0.9651130181165516;0.0;0.001360544217687075
ETC;1;26/11/2017 00:00;20/04/2019 00:00;32.5;B;0.4732735782112742;0.4655871212121212;24.478605698619408;0.0003269754768392371;0.2670454545454545;0.0;0.3576000217882724;2.380227272727272;0.156781958148108;0.02272727272727273;0.01395582329317269;0.01335214937038645;0.0;0.07385109371864339;4.038969940272202;2;0.0;0.03871741738466572;0.08689544451133856;0.1046558298213927;0.8346721667390359;0.08890816437167949;0.0;0.1123278759622682;0.7987639596660523;0.0;0.922259568470129;0.07774043152987098;0.08560861525073425;0.1518546720330687;0.762536712716197;0.08912501355307384;0.0;0.0007589721348801907;0.06147674292529546;0.02949148866963027;0.1194838989482815;0.7887888973219126;0.0;0.0;0.9059400544959127;0.02430517711171663;0.063433242506812;0.005231607629427793;0.3533557410820774;0.0;0.06963676500100341;0.02006823198876179;0.0;0.07987156331527193;0.0;0.0;0.01143889223359422;0.9078868151715834;0.0;0.08
ETC;2;13/10/2008 00:00;29/01/2010 00:00;12.26250004768372;C;0.5928836087612471;0.2370020547945206;63.918889133788845;0.0;0.06004618937644342;0.006669309140021728;0.0009175254705070614;0.7130221130221128;0.9127433227704844;0.07259953161592506;0.006473594548551959;0.001365964712578259;0.05213431986340353;0.02184493491794001;0.9505179108621122;0;0.02739542964051851;0.005612722170252572;0.06576117713638936;0.922014714204867;0.0;0.0692517625653855;0.0;0.9186945644757788;0.01205367295883557;0.0;0.9446460980036298;0.05183756805807623;0.0606926505886387;0.9106183563835868;0.0286889930277746;0.0755998189225894;0.0;0.006112054329371818;0.03995472552348613;0.0345217883418223;0.8542161856253537;0.06519524617996604;0.0;0.005659309564233163;0.0;0.4779852857951329;0.4803621958121109;0.03565365025466893;0.5496470052379868;0.0001131861912846633;0.05546123372948501;0.0388228636106395;0.0;0.05989583333333334;0.0;0.0002263723825693265;0.1100169779286927;0.8311262026032824;0.0;0.01643835616438356
ETC;2;09/02/2013 00:00;12/09/2015 00:00;13.77499946951866;D;0.5928836087612471;0.3758237913486006;67.84675814926287;0.0001588478237848142;0.03792667509481669;0.01009156782339022;0.4553265135147052;0.7805456852791878;0.3508976327913997;0.005044136191677175;0.008524833209785025;0.0168458971234836;5.297451925623775e-05;0.0363780778395552;0.0;1;0.001777251184834123;0.08681602757432141;0.06502170920258392;0.1951180768823467;0.8374741749218626;0.0662395425182675;0.0;0.2655406120936143;0.6682198453881182;0.0;0.9450916022450492;0.05490839775495076;0.06546610169491525;0.2957627118644068;0.638771186440678;0.06630302388391675;0.0;0.0004235941967595044;0.03807052843376046;0.03155776765858308;0.3455469660065657;0.5844011437043313;0.0;0.0;0.0;0.761516467224399;0.2088319390024357;0.0294927459493805;0.7685219509611819;0.0;0.05480540111199365;0.01646809637278263;0.0;0.06311553531716615;0.0;0.0;0.03431294678316123;0.9034683611331744;0.0;0.009067357512953369
ETC;2;15/11/2015 00:00;02/07/2018 00:00;13.125;D;0.5928836087612471;0.329777618364419;15.86582048957389;0.03169431279620853;0.02571428571428572;0.003307435218542472;0.6012724799976851;0.9160285714285714;0.2687859849416859;0.004285714285714286;0.00432509505703422;0.01034228022654519;0.0;0.01154997861115072;0.2663188891743698;1;0.001191776740490615;0.03232694408580793;0.02423954372623574;0.1369296577946768;0.8757941393745383;0.02480988593155893;0.0;0.2255228136882129;0.7496673003802281;0.05280251956104522;0.9287436641897544;0.01845381624920033;0.0244976076555024;0.2023444976076555;0.7731578947368422;0.02583534274888047;0.0001968407066581369;0.0005905221199744107;0.02721322769548743;0.04064760592490528;0.1339008907041976;0.7975985433787707;4.921017666453422e-05;0.0;0.02409162717219589;0.8940560821484992;0.03850710900473934;0.01071287519747236;0.8951331135278776;0.0;0.01825181805218879;0.01734873330481487;0.0;0.02452471482889734;0.0;0.0;0.03878511336090119;0.9393031988212368;0.0;0.0
DOT;1;18/08/2006 00:00;13/10/2007 00:00;10.0;D;0.3513068218383179;0.1903509852216749;37.88634097706879;0.05748539809406703;0.1449631449631449;0.0004156769596199525;0.0;6.567709359605911;0.4513782149810432;0.0;0.2537543715284921;0.3770661157024793;0.06680440771349863;0.0454065469904963;0.0;0;0.6742539200809307;0.04957005563985837;0.0517188301693176;0.4116983068240123;0.005853994490358128;0.0638632001395917;0.002966323503751527;0.6946431687314605;0.2385273076251963;0.06381218326610819;0.8918192160512979;0.04343779087806392;0.04753086419753087;0.3531893004115226;0.5992798353909465;0.0522594528127882;0.0;0.001229634183830311;0.02981862895788502;0.08095091710216211;0.236807049902654;0.6511937698534686;0.0;0.0;0.0220309457936264;0.8556204529152577;0.05113228814427707;0.01250128086894149;0.7777994157740993;0.0;0.06092368162463151;0.1208647232230593;0.0005047955577990914;0.09540636042402828;0.0;0.0002639915522703273;0.1158922914466737;0.7888067581837381;0.02877507919746568;0.0
DOT;1;23/01/2008 00:00;14/08/2010 00:00;10.0;D;0.3513068218383179;0.1787099753694582;40.82242246228904;0.04601651875032063;0.2326732673267327;0.001724291768904751;0.1485091828388727;6.446412776412775;0.5511209152003284;0.0;0.5188529215615862;0.5496845021289694;0.0009747088698507157;0.02552077652961064;0.2240255573707768;0;0.7138139222870117;0.01991846844522421;0.04314369260760273;0.3978351202995947;0.03421741137844354;0.04478530754629867;0.0;0.460729492638383;0.4944851998153183;0.04914584722720976;0.9195608680038988;0.0312932847688914;0.03909095572769712;0.3754168162930283;0.5854922279792746;0.0467347252860001;0.0;0.0;0.04129687580156979;0.04601651875032063;0.3224234340532499;0.5902631713948597;0.0;0.0;0.01102960036936336;0.9112501923767506;0.0226748063407377;0.00902888216282768;0.7618119324885857;0.0;0.03276842520128372;0.1509487078430269;0.0001762011041935863;0.03841184071420181;0.0;0.0;0.1245501145163049;0.838150289017341;0.000327189442687316;0.0
DOT;1;08/11/2010 00:00;07/04/2012 00:00;10.45000013709068;B;0.3513068218383179;0.1616135144198524;16.409583196586805;0.0;0.1810865191146881;5.51831812431021e-05;0.2127352014859081;6.764558232931727;0.5546901172529313;0.0;0.1293969849246231;0.4940768319512608;0.008461668641056016;0.0414727041895895;2.19478164006344;0;0.8249287987937678;0.00603116099849221;0.06230138819200536;0.4919719016557953;0.009900152310035541;0.06263589228968054;0.0;0.5023415286837264;0.4350225790265931;0.0670680715838769;0.8884428834253221;0.04448904499080114;0.06129787589897976;0.4126944305067737;0.5260076935942465;0.06331658291457286;0.0;0.0;0.03378491386519485;0.0956681719351062;0.3427830740926576;0.5277638401070414;0.0;0.0;0.003675987921753971;0.9376394906131024;0.05487724826047;0.003413417355914402;0.7119919719016558;0.0;0.03479435858457901;0.08082087661515075;0.000104384133611691;0.04916492693110648;0.0;0.0;0.05484553533643673;0.7541261108760051;0.1435463393990689;0.0
DOT;1;12/10/2013 00:00;09/04/2016 00:00;10.0;B;0.3513068218383179;0.1799006211180124;34.48945885553289;0.01739983477901693;0.2002503128911139;0.001602564102564103;0.6698282967032967;5.742431761786599;0.1500103135313531;0.0;0.2117142709570787;0.5309739085507621;0.002893309222423146;0.04125045287510998;1.518021956669581;1;0.5632695292291774;0.00594930160372478;0.0531525493633036;0.1018714234159922;0.007801601653319556;0.05399133663366337;0.0;0.1340759075907591;0.8119327557755776;0.02366955445544554;0.930641501650165;0.04568894389438944;0.05351342991184204;0.1019229777800691;0.8445635923080889;0.05388820132013202;5.156765676567657e-05;0.0;0.01881734288807548;0.0544929628293035;0.05897819250399546;0.8677115017786255;0.0;0.0;0.009861627426683188;0.8853779429987608;0.07569186286658405;0.007486575795125981;0.8583286075166263;0.0;0.04346701164294955;0.02245795601552393;0.0;0.04758467804299634;0.0;0.0;0.01542363231716785;0.9370115418456602;0.0;0.0
DOT;2;14/11/2006 00:00;12/09/2009 00:00;17.862499833107;B;0.4051734625583722;0.1795798150381986;37.13113152237639;;0.2885821831869511;0.002109636561655439;0.1202311322657416;1.441018404907975;0.4056007226738934;0.008333333333333333;0.292331015735271;0.4701514526489481;0.01184512935352702;0.02828911748781808;0.1282490555467062;0;0.8166756708085721;0.01506693078816256;0.07461134765818397;0.1979403901376374;0.01337733514055042;0.03970858128024025;0.0007229853734497527;0.354374061509371;0.6051943718369389;0.007907300576884822;0.9270936940521186;0.0498309130694251;0.04324683965402528;0.2395209580838324;0.7172322022621423;0.04053748870822042;5.645889792231256e-05;0.01891182731818407;0.03698202881330759;0.02406059705926036;0.1764938858359325;0.7435516609733155;0.0;0.01366945668862364;0.01005398444851667;0.9078797484027537;0.03437174978951018;0.02580357585062652;0.9004139274409545;0.004301691998852882;0.04086607398910238;0.03828505878979065;0.0;0.05486741102581996;5.942123715015747e-05;0.005143475906876015;0.1422577152138603;0.8063075257173795;0.0;0.00379746835443038
DOT;2;26/11/2009 00:00;04/08/2012 00:00;18.125;B;0.4051734625583722;0.1747413289521723;90.27655451823146;;0.2081497797356829;0.004955375454378298;0.1672402087664956;1.771425438596491;0.5833980893175481;0.0;0.4989007969222314;0.5290298985096461;0.001097193014537807;0.04520189259956819;0.2697286564677654;0;0.671293751145318;0.01319406267179769;0.08766322710254773;0.4889507807506164;0.02939562951449209;0.08912428088759017;0.0;0.5594009679481325;0.3514747511642772;0.0906309926034152;0.8431650077618482;0.06620399963473655;0.08207858979067205;0.5168931325743665;0.4010282776349615;0.08940896832289619;0.0;0.0;0.07949045749246644;0.08044927403890055;0.2995160259337047;0.5405442425349283;0.0;0.0;0.01757830335129212;0.685188567254132;0.1871975162085655;0.02680120536937266;0.8260889416491645;0.0;0.0629164943241877;0.1029459074405993;0.0;0.07242031459015638;0.0;0.0;0.2922504478846065;0.6319536956222149;0.0;0.00331858407079646
DOT;3;17/10/2007 00:00;31/01/2009 00:00;14.78750005364418;A;0.3744775064574331;0.1542494356659143;115.23574947220267;;0.4604966139954853;0.00716009062288522;0.0;1.554539325842696;0.5698863636363637;0.0;0.6964285714285714;0.4268510678332863;0.01157211402766017;0.0984935064935065;1.286505934514268;0;0.8192202397809875;0.008779382611158312;0.1787503544758484;0.3840627658568863;0.01288926521780036;0.1751975912683477;0.0;0.493413624388408;0.3313887843432443;0.1248703197208337;0.7504479864189381;0.1246816938602282;0.1546752387255365;0.373830008509029;0.4714947527654345;0.1836174242424242;0.0;0.0;0.1217046206179722;0.1322876311064916;0.2162902768591137;0.5297174714164226;0.0;0.0;0.0192874109263658;0.7213301662707838;0.1090736342042755;0.04275534441805225;0.7304273827534039;0.0;0.1331322272498743;0.09451985922574158;0.000121036068748487;0.1514161220043573;0.0;0.0;0.1455584415584416;0.7042077922077922;0.0001038961038961039;0.0
DOT;3;11/09/2012 00:00;31/01/2015 00:00;25.46250027418136;A;0.3744775064574331;0.1837717254408061;23.694241269187184;;0.2243346007604563;0.0008170481150556642;0.5801009763167535;1.891604010025062;0.2032054650551761;0.0;0.2013362794612795;0.482405697705091;0.00147718280137167;0.03903377269898738;1.049500219335861;1;0.6917685497470489;0.0259274873524452;0.04469303082821281;0.1632792395357387;0.09775784753363227;0.04528500131337011;0.0;0.1820856317310218;0.7726293669556081;0.0;0.9629629629629628;0.03703703703703703;0.04490718830520062;0.1428721670084661;0.8122206446863333;0.04508670520231214;0.0;0.0;0.01165905152040334;0.03581744656268053;0.1606533270311433;0.7918701748857728;0.0;8.547739123001966e-05;0.6182579707667322;0.3584921788187024;0.02034361911274468;0.001538593042140354;0.9580379181765664;0.0;0.03217218918153498;0.04468988954970263;0.0;0.04146085128744088;0.0002101833850034155;0.0;0.06516942920178763;0.8898003054816994;0.0;0.002554278416347382
DOT;3;14/05/2015 00:00;11/02/2017 00:00;27.5;B;0.3744775064574331;0.1931695344129555;36.568419512908655;0.09723160027008776;;0.007078742039946968;0.301771315554976;1.441649899396378;0.4809005818365798;0.02597402597402598;0.2651994265958344;0.534644273778378;0.002869440459110474;0.04427316723427138;0.0;1;0.6345405313927907;0.03926214249449991;0.09486465975208702;0.4244034066953369;0.04582665203814668;0.1043089636562948;0.0;0.4565309047980437;0.4391601315456615;0.1011889704022262;0.8227506535121005;0.07606037608567333;0.08828737667594233;0.4115861371110549;0.5001264862130028;0.1127413778564803;0.0;0.0;0.0920819630660258;0.08036090732776792;0.123366219748714;0.7041909098574922;0.0;0.0;0.03274814314652262;0.7938048615800135;0.05030384875084402;0.02591154625253207;0.8038620457036849;0.0;0.07505143572770373;0.1170050988460506;0.0;0.08246901087781433;0.0;0.0;0.259275855888152;0.6567485212403656;0.0;0.004158004158004158
DOT;4;29/09/2007 00:00;30/08/2008 00:00;10.0;C;0.3543761415172124;0.1205401234567901;13.52015732546706;0.0;;6.200396825396825e-06;2.686838624338625e-05;1.723538461538462;0.2111440732619631;0.0;0.09216828478964399;0.4685928027860184;0.02025022571907649;0.02279411764705883;0.0;0;0.9211714617468714;0.002580312217778352;0.025667483554753;0.1371082161743841;0.008641816071198245;0.02605443054301561;0.0;0.1667741519411841;0.8071714175158003;0.0;0.9796207919515026;0.02037920804849735;0.02592544821359474;0.1549077776344641;0.8191667741519412;0.02605443054301561;0.0;0.0;0.01474582848273186;0.01177079291165438;0.1205536153149657;0.8529297632906481;0.0;0.0;0.0001460280373831776;0.9389602803738316;0.04964953271028037;0.01109813084112149;0.6753514768476718;0.0003527336860670194;0.02839506172839506;0.1292768959435626;0.002322340919647005;0.02291376374051711;0.0001393534002229654;0.0;0.1805147058823529;0.7858455882352942;0.0;0.0
DOT;4;12/12/2008 00:00;20/05/2010 00:00;10.0;D;0.3543761415172124;0.1522412008281573;89.5718629303969;0.03374946190271201;;0.00901921802518224;0.1762027833001988;1.93740206185567;0.5365769496204279;0.0;0.1436230004323389;0.6304347826086957;0.001639061421670117;0.04774535809018567;5.473531535213582;0;0.7835015963413582;0.01044093536974717;0.07774429616874731;0.3415411106328024;0.0335576259489303;0.0797244941885493;0.0;0.4476969436074042;0.4725785622040465;0.03710718897976754;0.8899698665518726;0.07292294446835987;0.07877744296168747;0.3742574257425743;0.5469651312957383;0.08100414078674949;0.0;0.0;0.0439948342660353;0.07120103314679294;0.2439087386999569;0.6408953938872148;0.0;0.0;0.01808006887645286;0.8671545415411106;0.05441239776151528;0.02660352991820921;0.8762806715454154;0.0;0.07364409783764622;0.162974122651542;9.242144177449168e-05;0.08160813308687616;0.0;0.0;0.3502210433244916;0.5659593280282935;0.0;0.002083333333333333
DOT;4;05/09/2010 00:00;06/04/2013 00:00;16.66074052520141;D;0.3543761415172124;0.1591617591543979;46.3931592831802;0.0276276840670958;;0.001371233521657251;0.3176744938794727;2.272889390519188;0.4597679552820706;0.01290322580645161;0.2605951745230351;0.486401427967495;0.0007985344544130772;0.04945598417408507;2.087355351040931;0;0.7679586563307493;0.01865163260512097;0.06148715298980693;0.3692986988585655;0.006294330405373667;0.06275541359387476;0.0;0.4359058668796092;0.501338719526516;0.03513551599417539;0.915872046596834;0.04899243740899056;0.06162807083470338;0.4004415425806755;0.5379303865846211;0.06322513974352953;4.697261496547513e-05;4.697261496547513e-05;0.03579313260369205;0.06900277138428296;0.4445488280332566;0.4506082953638029;0.0;0.0;0.0231170417704271;0.8981346614668985;0.04468355025137434;0.006390076586947329;0.9002301658133308;4.703226413319537e-05;0.04891355469852319;0.245790612360079;0.0;0.05638066408097626;0.0;0.0;0.3781734256511705;0.5599359427252603;0.0;0.0
DOT;4;18/07/2013 00:00;13/02/2016 00:00;21.25;D;0.3543761415172124;0.1596635338345865;100.80061734349378;0.003852160333159813;0.09774436090225563;0.01432856108624027;0.3854247004417653;1.527659574468085;0.345495237599542;0.02439024390243903;0.3602090923491209;0.6033208411409535;0.009265042681657298;0.05084568803508039;0.0;0;0.7208684786004373;0.01082994897427887;0.112394029229729;0.2078327352161023;0.01067041432438059;0.1136493729510329;0.0;0.275745433730551;0.610605193318416;0.00723317895613259;0.8848935838060051;0.1078732372378623;0.1134342331096895;0.2520934103084205;0.6344723565818899;0.1145058033623067;0.0;0.0;0.07655900556509075;0.05502678524990898;0.6950642325895876;0.1733499765954127;0.0;0.0;0.01108797501301406;0.8774596564289433;0.09057782404997396;0.0170223841749089;0.5009101783949654;0.0;0.104818082163178;0.07610795009657044;0.0;0.1111400176908268;0.0;0.0;0.1743579035289204;0.7135101273752349;0.0;0.005148005148005148
DOT;4;06/05/2016 00:00;09/09/2017 00:00;21.25;D;0.3543761415172124;0.1911328125;20.466275137924896;0.06227791284832616;0.111358574610245;0.0;0.6644475560081466;2.578761061946902;0.2192712701518964;0.0;0.3456617166339778;0.5547989926312844;0.004477194291577278;0.02308366611473653;2.780743904609361;0;0.5929277850345214;0.02910990856503079;0.03904575528841674;0.1618674867207157;0.001026023691819793;0.03969807100922561;0.0;0.2062249557357189;0.7540769732550554;0.06914546640574037;0.8978659957133538;0.03298853788090578;0.0391425908667288;0.2464119291705499;0.7144454799627213;0.0393253191687634;0.0;0.0;0.03730647267300877;0.06966983771684387;0.08822980787166572;0.8047938817384817;0.0;0.0;0.0189826070693847;0.8833925565737797;0.02795960351599027;0.00738731999251917;0.8821172304538254;0.0;0.02960654460459681;0.05346708219711726;0.0;0.03877703206562267;0.0;0.0;0.09564624525177752;0.8687055615077433;0.0;0.0
DOT;4;22/10/2017 00:00;05/01/2019 00:00;24.375;D;0.3543761415172124;0.1819164648910412;92.18359900134435;0.01226253894863805;0.08173076923076923;0.02341949941609065;0.6349651232522173;1.284144578313253;0.2239880059970015;0.0;0.4127;0.7534232883558221;0.003298350824587706;0.03274865659535638;0.0;0;0.4765248796147673;0.005016051364365971;0.08275862068965517;0.1798100949525237;0.0;0.08395802098950525;0.0;0.2045977011494253;0.7114442778610695;0.02178910544727636;0.9023488255872064;0.07586206896551724;0.08335832083958021;0.2014992503748126;0.7151424287856072;0.08455772113943029;0.0;0.0;0.06008197540737779;0.04298710386883935;0.1659502149355193;0.7309807057882636;0.0;0.0;0.02201226253894864;0.8865212584179315;0.06473012363051563;0.01447381646396623;0.8435843584358436;0.0;0.07712657712657713;0.06227106227106227;9.995002498750624e-05;0.08385807096451774;0.0;0.0;0.1080807056676468;0.8069552874378992;0.0;0.004926108374384237
SHB;1;22/11/2007 00:00;07/03/2009 00:00;10.48750013113022;B;0.6906780322803711;0.1702148148148148;36.96357735304724;0.05337650323774283;0.1180400890868597;0.0;0.1815316112290635;1.455364238410596;0.5026827012025902;0.0;0.1943876602861921;0.2541165587419056;0.00545790934320074;0.02914238134887594;0.0;0;0.7388134238913304;0.01817818617658809;0.03256244218316374;0.2998149861239593;0.0003700277520814061;0.0333950046253469;0.0;0.3558741905642923;0.6107308048103608;0.04894069756684245;0.9252474789527246;0.02581182348043297;0.0317328152465538;0.2348968452215746;0.7333703395318716;0.03367252543940796;0.0;0.0;0.015263644773358;0.07021276595744681;0.3265494912118409;0.5879740980573543;0.0;0.0;0.6029602220166512;0.3229417206290472;0.01942645698427382;0.001295097132284921;0.7233117483811285;0.0;0.02497918401332223;0.03820889999074845;0.0;0.03413506012950971;0.0;0.0;0.08058099731705061;0.8875011564437043;0.0;0.0
SHB;1;07/05/2009 00:00;17/09/2011 00:00;10.0;B;0.6906780322803711;0.1902270155586988;42.47847757136384;0.0001188071759534276;0.4836795252225519;0.0001786404016994979;0.3800349233938458;1.242375;0.4467946824224521;0.006896551724137931;0.0228814059090641;0.1859792109614931;0.02291519017245452;0.02193784277879341;0.0;0;0.4705707667636753;0.01122527766229138;0.03769664588898783;0.3419412288512912;0.0618946373730215;0.03873135648175442;0.0;0.4134881801568119;0.5477804633614337;0.0;0.9698613978177528;0.03013860218224712;0.03746585916161976;0.2717610735067094;0.6907730673316709;0.03875923190546528;0.0;0.0;0.02197802197802198;0.01627561627561628;0.2004158004158005;0.7613305613305613;0.0;0.0;0.4452298918854699;0.5276820719971487;0.02435547107045265;0.002613757870975407;0.664647544390997;0.0;0.03202217373356137;0.2014507283127912;0.0;0.04210277334279463;0.0;0.0;0.2779383145603586;0.6842012148375303;0.0;0.003062787136294028
SHB;1;13/11/2014 00:00;12/08/2017 00:00;12.73750022053719;B;0.6906780322803711;0.2846927419354839;60.666464445118514;0.09448501411227096;0.058759521218716;3.4619805298215e-06;0.3675155442925789;0.7515508021390372;0.4984776573833617;0.0;0.002148997134670487;0.02762356733524356;0.0;0.08582557306590258;0.9804133030562078;1;0.001576292559899117;0.01999639704557737;0.0860941977077364;0.4741672636103152;0.7320469197707736;0.07352019342706187;0.0;0.4597026954419271;0.4667771111310109;0.09443001701441747;0.8484821348616459;0.0570878481239366;0.06706361642118458;0.3977257465192282;0.5352106370595873;0.08605713262290678;0.0;0.0;0.06729047277936963;0.08157234957020057;0.1226719197707736;0.7284652578796562;0.0;0.0;0.2608306079476726;0.5984498902378925;0.04533847049863357;0.0008960172035303078;0.7037070200573066;0.0;0.07571076785314529;0.5588090441011865;0.0;0.3481823065902579;0.0;0.0;0.5286532951289399;0.3578080229226361;0.0;0.0
SHB;2;12/05/2011 00:00;01/02/2014 00:00;10.0;A;0.8704207783527181;0.2577807433768288;44.21801403441315;0.05014256218660899;0.1932668329177057;0.0;0.4181586836784494;1.627304964539007;0.3966881234337379;0.0;0.006884343036978757;0.02347140039447732;0.0;0.03556845574851183;0.1021340241583917;0;0.04831227793130675;0.02689498618239242;0.06076098712024382;0.2751450201553436;0.7815088757396451;0.06430046209812211;0.0;0.3452954478419035;0.5904040900599744;0.06206083239152867;0.901921281509508;0.0360178860989632;0.05245305279716842;0.2582341952610363;0.6893127519417953;0.06191341948798585;0.0;0.0;0.05582035280821581;0.05208589258513095;0.2534519188246278;0.6386418357820255;0.0;0.0;0.01337134991642906;0.8934716350408023;0.03195359355029004;0.01106085930586963;0.7241124987707739;0.0;0.04284098175200433;0.2369780138704441;0.0;0.05105902009926778;0.0;0.0;0.2942883849067742;0.6429871599350617;0.0;0.0
SHB;2;30/05/2014 00:00;27/08/2016 00:00;10.21250005066395;B;0.8704207783527181;0.2685989726027397;85.77517314864144;;0.06346967559943582;0.0;0.6397535569105691;0.8327530364372469;0.174810853859719;0.0;0.00546168288103772;0.004111231656483754;0.0;0.0238921440354969;0.0;0;0.02141870105941962;0.01537309995393828;0.07525597269624572;0.08435722411831628;0.9463255867070176;0.07667804323094425;0.0;0.135551763367463;0.7877701934015927;0.0;0.935608646188851;0.06439135381114904;0.07502417382401456;0.06882429895910358;0.8561515272168818;0.07702372148586381;0.0;0.0;0.05608646188850967;0.02042093287827076;0.1175767918088737;0.8059158134243458;0.0;0.0;0.0007984487281852402;0.9252880118626668;0.06661343675145431;0.00678681418957454;0.4088168373151309;5.688605722737357e-05;0.07076625519085272;0.04232322657716594;0.0;0.07548779794072473;0.0;5.688605722737357e-05;0.04505375732407987;0.8786620399340122;0.0;0.0
MATC;1;01/10/2012 00:00;22/03/2014 00:00;10.0;A;0.3291405676654985;0.2138495145631068;100.50251256281408;;0.4502923976608187;0.0007745622882561358;0.3005094783665658;2.788413926499033;0.5215629053177692;0.1969111969111969;0.00927229075254574;0.0;0.5686608300907912;0.03745136186770428;14.97873948447069;2;0.0970258410531448;0.01015764667641801;0.0909533073929961;0.3668125810635538;0.0;0.1032749675745785;0.0;0.5058365758754864;0.3908884565499352;0.08981841763942931;0.8377107652399481;0.07247081712062257;0.08416639793614962;0.417929700096743;0.4979039019671074;0.1020590142671855;0.0;0.0;0.09695201037613488;0.07636186770428016;0.3607328145265888;0.4659533073929961;0.0;0.0;0.01652152681696101;0.8226580939204037;0.04932041995605111;0.02938064621144299;0.8277399481193255;0.0;0.06809338521400778;0.134727626459144;0.0;0.08090142671854735;0.0;0.0;0.1312418936446174;0.7921530479896238;0.0;0.0
MATC;1;14/06/2014 00:00;18/02/2017 00:00;29.37499952316284;A;0.3291405676654985;0.2273245098039215;123.28895555972248;;0.2975206611570248;0.03239445601802644;0.4374140838683163;0.9807058823529412;0.349933761837005;0.4658823529411765;0.07045059773168487;0.0;0.7372448979591837;0.04218995290423862;2.285299304723965;2;0.01556133719503215;0.01526680084433754;0.1228742750417773;0.2303646908483239;0.0;0.1260182549808617;0.0;0.322259299244283;0.5517224457748552;0.04218995290423862;0.8406102825745683;0.1171997645211931;0.1236192252933379;0.2860228779026953;0.5903578968039668;0.1273735341739856;0.0;0.0;0.1062598116169545;0.06284340659340659;0.2453885400313972;0.5855082417582418;0.0;0.0;0.01107414212643393;0.8309082782936882;0.06430948006157819;0.05760540298952178;0.83357097202419;0.0001474491300501327;0.1113732428978669;0.06595891084242603;0.0;0.124447065762312;0.0;0.0001471742543171114;0.05303178963893249;0.8313383045525903;0.0;0.0
MATC;1;18/07/2017 00:00;28/09/2018 00:00;34.25;B;0.3291405676654985;0.3796506329113925;56.40213734415199;;0.3680203045685279;;0.6269832189168574;0.6929471032745592;0.1567520625271385;0.09571788413098237;0.1378638551455421;0.03052769297863062;0.02006105538595726;;0.0;2;0.0007657805491740508;0.05130729679466142;0.1046359064071725;0.02635031707850426;0.5546227649367641;0.1092077087794433;0.0;0.09625267665952893;0.7945396145610278;0.0;0.9042724060391903;0.09572759396080953;0.1121135438442073;0.04664979645725603;0.8412366596985367;0.1046461137646548;0.02084237950499349;0.0001107051920735083;0.06941215543008968;0.03531495627144913;0.04306431971659471;0.852097863389793;0.0;0.0;0.0;0.9108714788732394;0.05479753521126762;0.03433098591549296;0.9079378963481304;0.0;0.08910781492140801;0.02357759574939119;0.0;0.1052397868561279;0.0;;;;;0.1260053619302949
MATC;2;10/09/2009 00:00;02/10/2010 00:00;13.125;C;0.1939276569889351;0.2430563002680965;20.46972635207929;0.0;0.0;;0.3046493683606087;0.4351206434316354;0.4892473118279571;0.06631299734748011;0.002682163611980331;0.0;0.3666741171211444;0.02971634398919406;0.0;2;0.0;0.003929052537045352;0.0410439437876422;0.1915012268570154;0.0;0.04360919027436984;0.0;0.2924380994869507;0.6639527102386794;0.0;0.9643096140977024;0.03569038590229757;0.04093241133169753;0.2010930180682579;0.7579745706000446;0.04435483870967742;0.0;0.0;0.01249163506580415;0.02944456836939549;0.1490073611420923;0.809056435422708;0.0;0.0;0.0;0.0005579111805400581;0.9879491185003348;0.01149297031912519;0.9582868614766896;0.0004505011825656042;0.02466493974546683;0.0854825993918234;0.0;0.04358515869468037;0.0;0.0;0.1105357946870779;0.8543448896893291;0.0;0.0
MATC;2;26/12/2010 00:00;17/08/2013 00:00;13.125;D;0.1939276569889351;0.258797182821119;42.81144147534814;0.01771137386830258;0.02427921092564492;;0.369051628596514;1.065775623268698;0.3938322529954823;0.1905882352941176;0.006093965008846078;0.0;0.4272655789266758;0.08779432728702748;9.879563417388031;2;0.0008430866891489784;0.01125768696687165;0.04802592810842664;0.2636024356707916;0.0;0.04920447849145551;0.0;0.3574445099194657;0.5933510115890788;0.01988803771361226;0.9317422903162444;0.04836967197014339;0.04781796736780027;0.2668566935325339;0.6853253390996659;0.04910626595953644;0.0;0.0;0.03137890394814378;0.03707523079945001;0.2129738754665096;0.7185719897858966;0.0;0.0;0.009795676050066787;0.9279671498540544;0.035719586404789;0.008806213822787316;0.9233225267708026;4.91569581674286e-05;0.06277343557980633;0.6696160841567124;0.0;0.2773435579806321;0.0;4.91569581674286e-05;0.6528044044634518;0.234085434793295;0.0;0.0
MATC;2;14/11/2013 00:00;11/04/2015 00:00;34.125;D;0.1939276569889351;0.3047263104838709;85.60247839556497;0.0548724383103304;0.2616632860040568;;0.4149094305905288;0.5560040160642571;0.3896603647314705;0.6653306613226453;0.006357172731074864;0.0;0.3162958005688473;0.06474820143884892;7.6430784281754445;2;0.0;0.02387534556421212;0.117829068406088;0.1508613480515137;0.0;0.12117410938284;0.0;0.2824887104867035;0.5963371801304566;0.04624519150359592;0.8373473825054357;0.1164074259909684;0.1177454423816691;0.1376484361933434;0.7446061214249875;0.1212983101890581;0.0;0.0;0.08789095166415789;0.09307576517812344;0.479177119919719;0.3398561632379997;0.0;0.0;0.3482225010455876;0.5120869928900041;0.08005018820577164;0.004767879548306148;0.818736930154747;0.0;0.1144386816128492;0.04667893592103062;0.0;0.1215492722101389;0.0;0.0;0.07495399029613517;0.8065082817466956;0.0;0.081799591002045
MATC;2;14/05/2015 00:00;08/07/2016 00:00;43.5;A;0.1939276569889351;0.2939908536585366;79.3729536660383;0.02232462877624168;0.06127450980392156;0.01912114014251781;0.4689644365267881;0.407107843137255;0.398576512455516;0.2689486552567237;0.04443314692425013;0.05114387391967463;0.1236400610066091;0.04332720212548539;6.076991765056058;2;0.0;0.01834675364386913;0.09425521098118964;0.3192679206914082;0.0;0.09537366548042704;0.0;0.3827147941026944;0.5219115404168785;0.01840553182835062;0.8923123856009763;0.08928208257067317;0.09522357723577236;0.3253048780487805;0.5794715447154472;0.09506863243518048;0.0;0.0;0.06700662927078023;0.07710351861295257;0.4259051504334523;0.4299847016828149;0.0;0.0;0.3332309267793139;0.5732718894009217;0.07045570916538657;0.0007168458781362008;0.8787878787878788;0.0001021972406745018;0.0854368932038835;0.1059785385794584;0.0;0.1009762050030506;0.0;0.0;0.2096873083997547;0.6947680359697527;0.0;0.2493827160493827
